doi,title,authors,year,month,volume,issue,page,article_number,type,subject,url
10.1016/s1369-7021(98)80042-4,Laser process for producing titanium parts,,1998,,1,2,10-11,,journal-article,,https://doi.org/10.1016/s1369-7021(98)80042-4
10.1016/s1369-7021(98)80045-x,High strain rate fracture and C-chain unraveling in carbon nanotubes,,1998,,1,2,13-14,,journal-article,,https://doi.org/10.1016/s1369-7021(98)80045-x
10.1016/s1369-7021(98)80041-2,EU increases support for powder metallurgy,,1998,,1,2,10,,journal-article,,https://doi.org/10.1016/s1369-7021(98)80041-2
10.1016/s1369-7021(99)80014-5,1999 Important for aerospace composites,,1999,,2,1,11,,journal-article,,https://doi.org/10.1016/s1369-7021(99)80014-5
10.1016/s1369-7021(99)80013-3,Future trends in satellite systems and their impact on material choice,Fiona Nairn Scott,1999,,2,1,7-10,,journal-article,,https://doi.org/10.1016/s1369-7021(99)80013-3
10.1016/s1369-7021(00)80025-5,Liu wins Acta medal for intermetallic alloys work,,2000,,3,3,10-11,,journal-article,,https://doi.org/10.1016/s1369-7021(00)80025-5
10.1016/s1369-7021(00)80018-8,Stronger joining technique facilitates carbon fibre aerospace structures,,2000,,3,3,7,,journal-article,,https://doi.org/10.1016/s1369-7021(00)80018-8
10.1016/s1369-7021(00)80015-2,"Improving the colour ofgem-quality diamonds by high-pressure, high-temperature annealing",Alan T Collins,2000,,3,3,3-6,,journal-article,,https://doi.org/10.1016/s1369-7021(00)80015-2
10.1016/s1369-7021(00)80034-6,Mixed fortunes for aerospace materials,George Marsh,2000,,3,3,21-25,,journal-article,,https://doi.org/10.1016/s1369-7021(00)80034-6
10.1016/s1369-7021(01)80208-x,Life performance research aimed at addressing industrial wear problem,,2001,,4,1,23,,journal-article,,https://doi.org/10.1016/s1369-7021(01)80208-x
10.1016/s1369-7021(01)80101-2,Development of aluminum bodies for fuel-efficient vehicles,,2001,,4,2,3,,journal-article,,https://doi.org/10.1016/s1369-7021(01)80101-2
10.1016/s1369-7021(01)80196-6,Optimizing structural design in composites by learning from bone,,2001,,4,1,16,,journal-article,,https://doi.org/10.1016/s1369-7021(01)80196-6
10.1016/s1369-7021(01)80213-3,Development aluminum bodies for fuel efficient vehicles,Masaaki Saito,2001,,4,1,30-34,,journal-article,,https://doi.org/10.1016/s1369-7021(01)80213-3
10.1016/s1369-7021(01)80195-4,Tetronics uses dc plasma to produce nanometric aluminum powder,,2001,,4,1,15,,journal-article,,https://doi.org/10.1016/s1369-7021(01)80195-4
10.1016/s1369-7021(01)80168-1,Portable hardness tester,,2001,7,4,4,43,,journal-article,,https://doi.org/10.1016/s1369-7021(01)80168-1
10.1016/s1369-7021(01)80159-0,US and EU collaborate on fusion and non-nuclear energy,,2001,7,4,4,18,,journal-article,,https://doi.org/10.1016/s1369-7021(01)80159-0
10.1016/s1369-7021(02)05149-0,Honoring aluminum,,2002,1,5,1,42,,journal-article,,https://doi.org/10.1016/s1369-7021(02)05149-0
10.1016/s1369-7021(02)05345-2,Testing for hardness,,2002,4,5,3,50,,journal-article,,https://doi.org/10.1016/s1369-7021(02)05345-2
10.1016/s1369-7021(02)05410-x,Stainless steel’s Achilles heel,,2002,4,5,4,12,,journal-article,,https://doi.org/10.1016/s1369-7021(02)05410-x
10.1016/s1369-7021(02)01027-1,Modeling of alloy steels,Levente Vitos; Pavel A Korzhavyi; Börje Johansson,2002,10,5,10,14-23,,journal-article,,https://doi.org/10.1016/s1369-7021(02)01027-1
10.1016/s1369-7021(02)01113-6,Laying an alloy ‘egg’,,2002,11,5,11,9,,journal-article,,https://doi.org/10.1016/s1369-7021(02)01113-6
10.1016/s1369-7021(02)01214-2,A copper jaw,,2002,12,5,12,14,,journal-article,,https://doi.org/10.1016/s1369-7021(02)01214-2
10.1016/s1369-7021(03)00102-0,Surprising behavior in aluminum,,2003,1,6,1,6,,journal-article,,https://doi.org/10.1016/s1369-7021(03)00102-0
10.1016/s1369-7021(03)00103-2,Nano-approach unites strength and ductility,,2003,1,6,1,6,,journal-article,,https://doi.org/10.1016/s1369-7021(03)00103-2
10.1016/s1369-7021(03)00310-9,Fingerprint of fatigue,,2003,3,6,3,10,,journal-article,,https://doi.org/10.1016/s1369-7021(03)00310-9
10.1016/s1369-7021(03)00429-2,Next step for automotive materials,George Marsh,2003,4,6,4,36-43,,journal-article,,https://doi.org/10.1016/s1369-7021(03)00429-2
10.1016/s1369-7021(03)00707-7,Enhancing titanium functionality,,2003,7,6,7-8,9,,journal-article,,https://doi.org/10.1016/s1369-7021(03)00707-7
10.1016/s1369-7021(03)00906-4,Nanoparticles counter creep,,2003,9,6,9,7,,journal-article,,https://doi.org/10.1016/s1369-7021(03)00906-4
10.1016/s1369-7021(03)01003-4,Fast aluminum manufacture,,2003,10,6,10,6,,journal-article,,https://doi.org/10.1016/s1369-7021(03)01003-4
10.1016/s1369-7021(03)01010-1,New family of intermetallics,,2003,10,6,10,10,,journal-article,,https://doi.org/10.1016/s1369-7021(03)01010-1
10.1016/s1369-7021(03)01110-6,Glassy alloy breaks record,,2003,11,6,11,10,,journal-article,,https://doi.org/10.1016/s1369-7021(03)01110-6
10.1016/s1369-7021(03)01118-0,Change in deformation,,2003,11,6,11,15,,journal-article,,https://doi.org/10.1016/s1369-7021(03)01118-0
10.1016/s1369-7021(04)00027-6,Watching aluminum melt in picoseconds,,2004,1,7,1,6,,journal-article,,https://doi.org/10.1016/s1369-7021(04)00027-6
10.1016/s1369-7021(03)00026-9,Watching aluminum melt in picoseconds Metals and alloys,,2004,1,7,1,6,,journal-article,,https://doi.org/10.1016/s1369-7021(03)00026-9
10.1016/s1369-7021(04)00268-8,Shedding light on deformation,Cordelia Sealy,2004,6,7,6,12,,journal-article,,https://doi.org/10.1016/s1369-7021(04)00268-8
10.1016/s1369-7021(04)00349-9,Fundamentals of creep in metals and alloys,,2004,7,7,7-8,55,,journal-article,,https://doi.org/10.1016/s1369-7021(04)00349-9
10.1016/s1369-7021(04)00377-3,Improving strength of steel is a random matter,John K. Borchardt,2004,9,7,9,9,,journal-article,,https://doi.org/10.1016/s1369-7021(04)00377-3
10.1016/s1369-7021(04)00429-8,Grain boundaries take leading role in deformation,Cordelia Sealy,2004,10,7,10,7,,journal-article,,https://doi.org/10.1016/s1369-7021(04)00429-8
10.1016/s1369-7021(04)00430-4,Explosion of pits in stainless steel,Cordelia Sealy,2004,10,7,10,7,,journal-article,,https://doi.org/10.1016/s1369-7021(04)00430-4
10.1016/s1369-7021(04)00456-0,Plastic deformation in nanocrystalline materials,,2004,10,7,10,59,,journal-article,,https://doi.org/10.1016/s1369-7021(04)00456-0
10.1016/s1369-7021(04)00554-1,Holes in step on copper oxide ladder,Jonathan Wood,2004,12,7,12,21,,journal-article,,https://doi.org/10.1016/s1369-7021(04)00554-1
10.1016/s1369-7021(04)00667-4,Brick wall to understanding corrosion,Cordelia Sealy,2005,1,8,1,10,,journal-article,,https://doi.org/10.1016/s1369-7021(04)00667-4
10.1016/s1369-7021(04)00677-7,Light from Si via dislocation loops,Kevin P. Homewood; Manon A. Lourenço,2005,1,8,1,34-39,,journal-article,,https://doi.org/10.1016/s1369-7021(04)00677-7
10.1016/s1369-7021(05)00779-0,Dislocations in intermetallics in atomic detail,Jonathan Wood,2005,4,8,4,12,,journal-article,,https://doi.org/10.1016/s1369-7021(05)00779-0
10.1016/s1369-7021(05)70919-6,Watching creep damage evolve over time,Mark Telford,2005,6,8,6,10,,journal-article,,https://doi.org/10.1016/s1369-7021(05)70919-6
10.1016/s1369-7021(05)70961-5,Casting aluminum,Bob Rapp,2005,7,8,7,6,,journal-article,,https://doi.org/10.1016/s1369-7021(05)70961-5
10.1016/s1369-7021(05)71091-9,Three-detector structural analysis,,2005,9,8,9,53,,journal-article,,https://doi.org/10.1016/s1369-7021(05)71091-9
10.1016/s1369-7021(05)71113-5,Coatings release corrosion inhibitors on demand,Jonathan Wood,2005,10,8,10,10,,journal-article,,https://doi.org/10.1016/s1369-7021(05)71113-5
10.1016/s1369-7021(05)71169-x,Garkunov to wear gold medal,,2005,11,8,11,65,,journal-article,,https://doi.org/10.1016/s1369-7021(05)71169-x
10.1016/s1369-7021(05)71311-0,Three-detector structural analysis,,2005,12,8,12,54,,journal-article,,https://doi.org/10.1016/s1369-7021(05)71311-0
10.1016/s1369-7021(05)71231-1,Half-metallic alloys,,2005,12,8,12,60,,journal-article,,https://doi.org/10.1016/s1369-7021(05)71231-1
10.1016/s1369-7021(06)71394-3,An introduction to nuclear waste immobilisation,,2006,3,9,3,55,,journal-article,,https://doi.org/10.1016/s1369-7021(06)71394-3
10.1016/s1369-7021(06)71428-6,Live view of atomic processes behind corrosion,Cordelia Sealy,2006,4,9,4,9,,journal-article,,https://doi.org/10.1016/s1369-7021(06)71428-6
10.1016/s1369-7021(06)71494-8,Deformation in nanocrystalline metals,Helena Van Swygenhoven; Julia R. Weertman,2006,5,9,5,24-31,,journal-article,,https://doi.org/10.1016/s1369-7021(06)71494-8
10.1016/s1369-7021(06)71481-x,Polymer matches amorphous Si mobility,Jonathan Wood,2006,5,9,5,15,,journal-article,,https://doi.org/10.1016/s1369-7021(06)71481-x
10.1016/s1369-7021(06)71527-9,Nanoprecipitate structure in Al alloys revealed,Jonathan Wood,2006,6,9,6,9,,journal-article,,https://doi.org/10.1016/s1369-7021(06)71527-9
10.1016/s1369-7021(06)71724-2,Metallic glasses gain plasticity,Paula Gould,2006,12,9,12,10,,journal-article,,https://doi.org/10.1016/s1369-7021(06)71724-2
10.1016/s1369-7021(06)71720-5,Electrowinning aluminum,Bob Rapp,2006,12,9,12,6,,journal-article,,https://doi.org/10.1016/s1369-7021(06)71720-5
10.1016/s1369-7021(06)71784-9,Seeking the origin of bone's mechanical properties,Mark E. Greene,2007,1,10,1-2,15,,journal-article,,https://doi.org/10.1016/s1369-7021(06)71784-9
10.1016/s1369-7021(06)71772-2,Producing an impact,Jonathan Wood,2007,1,10,1-2,1,,journal-article,,https://doi.org/10.1016/s1369-7021(06)71772-2
10.1016/s1369-7021(07)70007-x,How durable are nuclear waste stores?,Paula Gould,2007,3,10,3,10,,journal-article,,https://doi.org/10.1016/s1369-7021(07)70007-x
10.1016/s1369-7021(07)70041-x,Defects define ductility,Cordelia Sealy,2007,4,10,4,15,,journal-article,,https://doi.org/10.1016/s1369-7021(07)70041-x
10.1016/s1369-7021(07)70112-8,Turning up the heat on austenitic steels,Cordelia Sealy,2007,6,10,6,8,,journal-article,,https://doi.org/10.1016/s1369-7021(07)70112-8
10.1016/s1369-7021(07)70173-6,Ferrihydrite nanostructure revealed,Mark E. Greene,2007,7,10,7-8,15,,journal-article,,https://doi.org/10.1016/s1369-7021(07)70173-6
10.1016/s1369-7021(07)70180-3,Fatigue crack propagation in metals and alloys,,2007,7,10,7-8,53,,journal-article,,https://doi.org/10.1016/s1369-7021(07)70180-3
10.1016/s1369-7021(07)70206-7,Revealing deformation microstructures,John A. Wert; Xiaoxu Huang; Grethe Winther; Wolfgang Pantleon; Henning F. Poulsen,2007,9,10,9,24-32,,journal-article,,https://doi.org/10.1016/s1369-7021(07)70206-7
10.1016/s1369-7021(07)70198-0,Carbon nanotubes show no sign of fatigue,Catherine Reinhold,2007,9,10,9,10,,journal-article,,https://doi.org/10.1016/s1369-7021(07)70198-0
10.1016/s1369-7021(08)70019-1,Materials science for nuclear detection,Anthony Peurrung,2008,3,11,3,50-54,,journal-article,,https://doi.org/10.1016/s1369-7021(08)70019-1
10.1016/s1369-7021(08)70082-8,Revealing change in Ge-Sb-Te alloys,Jonathan Wood,2008,5,11,5,15,,journal-article,,https://doi.org/10.1016/s1369-7021(08)70082-8
10.1016/s1369-7021(08)70080-4,Simple sulfides clean up nuclear waste,Andrea Taroni,2008,5,11,5,15,,journal-article,,https://doi.org/10.1016/s1369-7021(08)70080-4
10.1016/s1369-7021(08)70084-1,Just add water to change nanocomposite stiffness,Mark E. Greene,2008,5,11,5,16,,journal-article,,https://doi.org/10.1016/s1369-7021(08)70084-1
10.1016/s1369-7021(08)70205-0,Corrosion issues in nuclear industry today,François Cattant; Didier Crusset; Damien Féron,2008,10,11,10,32-37,,journal-article,,https://doi.org/10.1016/s1369-7021(08)70205-0
10.1016/s1369-7021(08)70206-2,Understanding localized corrosion,G.S. Frankel; N. Sridhar,2008,10,11,10,38-44,,journal-article,,https://doi.org/10.1016/s1369-7021(08)70206-2
10.1016/s1369-7021(08)70253-0,Modelling in nuclear energy environments,M. Samaras; M. Victoria,2008,12,11,12,54-62,,journal-article,,https://doi.org/10.1016/s1369-7021(08)70253-0
10.1016/s1369-7021(08)70257-8,Shape memory alloys for biomedical applications,,2008,12,11,12,70,,journal-article,,https://doi.org/10.1016/s1369-7021(08)70257-8
10.1016/s1369-7021(09)70044-6,Bulk nano-crystalline alloys,T.-S. Chin; C.Y. Lin; M.C. Lee; R.T. Huang; S.M. Huang,2009,1,12,1-2,34-39,,journal-article,,https://doi.org/10.1016/s1369-7021(09)70044-6
10.1016/s1369-7021(09)70089-6,Corrosion control in the aerospace industry,,2009,3,12,3,44,,journal-article,,https://doi.org/10.1016/s1369-7021(09)70089-6
10.1016/s1369-7021(09)70136-1,Racing helmets improved by ARPRO® head impact protection,,2009,4,12,4,44,,journal-article,,https://doi.org/10.1016/s1369-7021(09)70136-1
10.1016/s1369-7021(09)70229-9,The secrets of antibody armour revealed,Jim Sutton,2009,7,12,7-8,68,,journal-article,,https://doi.org/10.1016/s1369-7021(09)70229-9
10.1016/s1369-7021(09)70239-1,2000 year old Greek athlete sheds light on corrosion,Jonathan Agbenyega,2009,9,12,9,8,,journal-article,,https://doi.org/10.1016/s1369-7021(09)70239-1
10.1016/s1369-7021(09)70263-9,Using a silicon nanostructure cloak to render objects invisible,Laurie Donaldson,2009,10,12,10,9,,journal-article,,https://doi.org/10.1016/s1369-7021(09)70263-9
10.1016/s1369-7021(09)70290-1,Small and powerful nuclear battery developed,Laurie Donaldson,2009,11,12,11,10,,journal-article,,https://doi.org/10.1016/s1369-7021(09)70290-1
10.1016/s1369-7021(09)70295-0,Discovery and design of nuclear fuels,Marius Stan,2009,11,12,11,20-28,,journal-article,,https://doi.org/10.1016/s1369-7021(09)70295-0
10.1016/s1369-7021(10)70020-1,Why are your bones not made of steel?,David Taylor,2010,3,13,3,6-7,,journal-article,,https://doi.org/10.1016/s1369-7021(10)70020-1
10.1016/s1369-7021(10)70038-9,Friction stir welding,,2010,3,13,3,66,,journal-article,,https://doi.org/10.1016/s1369-7021(10)70038-9
10.1016/s1369-7021(10)70180-2,New aluminium alloy,Jonathan Agbenyega,2010,10,13,10,13,,journal-article,,https://doi.org/10.1016/s1369-7021(10)70180-2
10.1016/s1369-7021(10)70220-0,Materials challenges for nuclear systems,Todd Allen; Jeremy Busby; Mitch Meyer; David Petti,2010,12,13,12,14-23,,journal-article,,https://doi.org/10.1016/s1369-7021(10)70220-0
10.1016/s1369-7021(10)70221-2,The high burn-up structure in nuclear fuel,Vincenzo V. Rondinella; Thierry Wiss,2010,12,13,12,24-32,,journal-article,,https://doi.org/10.1016/s1369-7021(10)70221-2
10.1016/s1369-7021(10)70222-4,Molten fluorides for nuclear applications,Sylvie. Delpech; Céline Cabet; Cyrine Slim; Gérard S. Picard,2010,12,13,12,34-41,,journal-article,,https://doi.org/10.1016/s1369-7021(10)70222-4
10.1016/s1369-7021(11)70067-0,Silver-copper mixed oxides,David Muñoz-Rojas,2011,3,14,3,119,,journal-article,,https://doi.org/10.1016/s1369-7021(11)70067-0
10.1016/s1369-7021(11)70098-0,Brace for impact,Brian Owens,2011,5,14,5,182,,journal-article,,https://doi.org/10.1016/s1369-7021(11)70098-0
10.1016/s1369-7021(11)70155-9,Changing mechanical properties with the flick of a switch,Stewart Bland,2011,7,14,7-8,305,,journal-article,,https://doi.org/10.1016/s1369-7021(11)70155-9
10.1016/s1369-7021(11)70192-4,The magnesium civilization,,2011,9,14,9,442,,journal-article,,https://doi.org/10.1016/s1369-7021(11)70192-4
10.1016/s1369-7021(11)70278-4,Lead telluride alloy thermoelectrics,Aaron D. LaLonde; Yanzhong Pei; Heng Wang; G. Jeffrey Snyder,2011,11,14,11,526-532,,journal-article,,https://doi.org/10.1016/s1369-7021(11)70278-4
10.1016/s1369-7021(12)70087-1,The nuclear butterfly effect,David Bradley,2012,5,15,5,189,,journal-article,,https://doi.org/10.1016/s1369-7021(12)70087-1
10.1016/s1369-7021(12)70185-2,Glassy solution to nuclear waste,David Bradley,2012,10,15,10,425,,journal-article,,https://doi.org/10.1016/s1369-7021(12)70185-2
10.1016/s1369-7021(13)70006-3,Controlled deformation at the nanoscale,Laurie Donaldson,2012,12,15,12,529,,journal-article,,https://doi.org/10.1016/s1369-7021(13)70006-3
10.1016/j.mattod.2013.05.005,The potential of rapid cooling spark plasma sintering for metallic materials,Faming Zhang; Michael Reich; Olaf Kessler; Eberhard Burkel,2013,5,16,5,192-197,,journal-article,,https://doi.org/10.1016/j.mattod.2013.05.005
10.1016/j.mattod.2013.06.008,An international initiative on long-term behavior of high-level nuclear waste glass,S. Gin; A. Abdelouas; L.J. Criscenti; W.L. Ebert; K. Ferrand; T. Geisler; M.T. Harrison; Y. Inagaki; S. Mitsui; K.T. Mueller; J.C. Marra; C.G. Pantano; E.M. Pierce; J.V. Ryan; J.M. Schofield; C.I. Steefel; J.D. Vienna,2013,6,16,6,243-248,,journal-article,,https://doi.org/10.1016/j.mattod.2013.06.008
10.1016/j.mattod.2013.08.012,Impossibly amorphous material synthesized,David Bradley,2013,9,16,9,304,,journal-article,,https://doi.org/10.1016/j.mattod.2013.08.012
10.1016/j.mattod.2013.11.001,Mimicking the nanostructure of bone matrix to regenerate bone,Robert Kane; Peter X. Ma,2013,11,16,11,418-423,,journal-article,,https://doi.org/10.1016/j.mattod.2013.11.001
10.1016/j.mattod.2014.06.006,Cu–Ag alloy wears itself well,Cordelia Sealy,2014,7,17,6,267,,journal-article,,https://doi.org/10.1016/j.mattod.2014.06.006
10.1016/j.mattod.2014.06.020,Impurities impact on superconductor's efficiency,Nina Notman,2014,7,17,6,267-268,,journal-article,,https://doi.org/10.1016/j.mattod.2014.06.020
10.1016/j.mattod.2014.08.015,Making an impact,Stewart Bland,2014,9,17,7,311,,journal-article,,https://doi.org/10.1016/j.mattod.2014.08.015
10.1016/j.mattod.2014.08.028,Testing the shelf-life of nuclear reactors,David Bradley,2014,10,17,8,368,,journal-article,,https://doi.org/10.1016/j.mattod.2014.08.028
10.1016/j.mattod.2014.10.012,Water-based batteries go nuclear,David Bradley,2014,11,17,9,424-425,,journal-article,,https://doi.org/10.1016/j.mattod.2014.10.012
10.1016/j.mattod.2014.10.038,Interpenetration in coordination polymers: structural diversities toward porous functional materials,Ritesh Haldar; Nivedita Sikdar; Tapas Kumar Maji,2015,3,18,2,97-116,,journal-article,,https://doi.org/10.1016/j.mattod.2014.10.038
10.1016/j.mattod.2015.03.015,Biological chain mail armor,David Bradley,2015,5,18,4,182,,journal-article,,https://doi.org/10.1016/j.mattod.2015.03.015
10.1016/j.mattod.2015.02.012,Surgical sealants and high strength adhesives,Mehdi Kazemzadeh-Narbat; Nasim Annabi; Ali Khademhosseini,2015,5,18,4,176-177,,journal-article,,https://doi.org/10.1016/j.mattod.2015.02.012
10.1016/j.mattod.2015.04.018,Graphene coatings make steel corrosion-resistant,Laurie Winkless,2015,6,18,5,245,,journal-article,,https://doi.org/10.1016/j.mattod.2015.04.018
10.1016/j.mattod.2015.04.015,Buckling waves in aluminum on a polyimide sea,Riccardo Lucchini; Emanuele Cattarinuzzi; Dario Gastaldi; Dario Picenoni; Leandro Lorenzelli; Pasquale Vena,2015,6,18,5,299-300,,journal-article,,https://doi.org/10.1016/j.mattod.2015.04.015
10.1016/j.mattod.2015.01.016,Graphene and molybdenum disulfide hybrids: synthesis and applications,Nanjundan Ashok Kumar; Mushtaq Ahmad Dar; Rukhsana Gul; Jong-Beom Baek,2015,6,18,5,286-298,,journal-article,,https://doi.org/10.1016/j.mattod.2015.01.016
10.1016/j.mattod.2015.05.004,Graphene coatings make steel corrosion-resistant,Laurie Winkless,2015,7,18,6,309-310,,journal-article,,https://doi.org/10.1016/j.mattod.2015.05.004
10.1016/j.mattod.2015.06.007,Spinning order from chaos in metal alloys,David Bradley,2015,9,18,7,363-364,,journal-article,,https://doi.org/10.1016/j.mattod.2015.06.007
10.1016/j.mattod.2015.09.016,The role of dynamic transmission electron microscopy on the development of next generation magnesium alloys,Mert Celikin,2015,11,18,9,472,,journal-article,,https://doi.org/10.1016/j.mattod.2015.09.016
10.1016/j.mattod.2015.10.025,Origami with structural engineering applications,Laurie Donaldson,2015,12,18,10,536,,journal-article,,https://doi.org/10.1016/j.mattod.2015.10.025
10.1016/j.mattod.2015.10.020,CVD tungsten monolayers? Just add salt,David Bradley,2015,12,18,10,533,,journal-article,,https://doi.org/10.1016/j.mattod.2015.10.020
10.1016/j.mattod.2015.11.023,Cleaner air-con thanks to antifungal aluminium,Laurie Winkless,2016,1,19,1,4-5,,journal-article,,https://doi.org/10.1016/j.mattod.2015.11.023
10.1016/j.mattod.2016.01.005,Magnetic domain wall creep,David Bradley,2016,3,19,2,65-66,,journal-article,,https://doi.org/10.1016/j.mattod.2016.01.005
10.1016/j.mattod.2015.11.026,High-entropy alloy: challenges and prospects,Y.F. Ye; Q. Wang; J. Lu; C.T. Liu; Y. Yang,2016,7,19,6,349-362,,journal-article,,https://doi.org/10.1016/j.mattod.2015.11.026
10.1016/j.mattod.2016.07.011,It's all in the scale: pangolins inspire flexible armor,Cordelia Sealy,2016,9,19,7,372-373,,journal-article,,https://doi.org/10.1016/j.mattod.2016.07.011
10.1016/j.mattod.2016.09.002,Tungsten nanoparticles gives lubricants the slip,Cordelia Sealy,2016,11,19,9,489,,journal-article,,https://doi.org/10.1016/j.mattod.2016.09.002
10.1016/j.mattod.2016.04.001,Tailoring structural inhomogeneities in metallic glasses to enable tensile ductility at room temperature,E. Ma; J. Ding,2016,12,19,10,568-579,,journal-article,,https://doi.org/10.1016/j.mattod.2016.04.001
10.1016/j.mattod.2016.12.002,Seeing the unseen: uncover the bulk heterogeneous deformation processes in metallic glasses through surface temperature decoding,Yang Song; Xie Xie; Jiajia Luo; Peter K. Liaw; Hairong Qi; Yanfei Gao,2017,1,20,1,9-15,,journal-article,,https://doi.org/10.1016/j.mattod.2016.12.002
10.1016/j.mattod.2017.03.013,Porous 3D graphene that is stronger than steel,Laurie Donaldson,2017,4,20,3,98-99,,journal-article,,https://doi.org/10.1016/j.mattod.2017.03.013
10.1016/j.mattod.2016.07.002,Co-precipitation of nanoscale particles in steels with ultra-high strength for a new era,Z.B. Jiao; J.H. Luan; M.K. Miller; Y.W. Chung; C.T. Liu,2017,4,20,3,142-154,,journal-article,,https://doi.org/10.1016/j.mattod.2016.07.002
10.1016/j.mattod.2017.05.012,"Inspired by fish: designing a high-performance, flexible armour",Laurie Winkless,2017,7,20,6,290,,journal-article,,https://doi.org/10.1016/j.mattod.2017.05.012
10.1016/j.mattod.2017.02.003,Towards strength–ductility synergy through the design of heterogeneous nanostructures in metals,Evan Ma; Ting Zhu,2017,7,20,6,323-331,,journal-article,,https://doi.org/10.1016/j.mattod.2017.02.003
10.1016/j.mattod.2017.02.004,Extreme lightweight structures: avian feathers and bones,Tarah N. Sullivan; Bin Wang; Horacio D. Espinosa; Marc A. Meyers,2017,9,20,7,377-391,,journal-article,,https://doi.org/10.1016/j.mattod.2017.02.004
10.1016/j.mattod.2017.09.016,Material with both flexibility and stiffness inspired by nature,Laurie Donaldson,2017,11,20,9,485-486,,journal-article,,https://doi.org/10.1016/j.mattod.2017.09.016
10.1016/j.mattod.2017.10.001,"Metallic glass-based chiral nanolattice: Light weight, auxeticity, and superior mechanical properties",Z.D. Sha; C.M. She; G.K. Xu; Q.X. Pei; Z.S. Liu; T.J. Wang; H.J. Gao,2017,12,20,10,569-576,,journal-article,,https://doi.org/10.1016/j.mattod.2017.10.001
10.1016/j.mattod.2017.10.002,Phase engineering and supercompatibility of shape memory alloys,Hanlin Gu; Lars Bumke; Christoph Chluba; Eckhard Quandt; Richard D. James,2018,4,21,3,265-277,,journal-article,,https://doi.org/10.1016/j.mattod.2017.10.002
10.1016/j.mattod.2018.03.030,Additive manufactured steel breaks strength-ductility trade-off,Cordelia Sealy,2018,5,21,4,321-322,,journal-article,,https://doi.org/10.1016/j.mattod.2018.03.030
10.1016/j.mattod.2018.03.028,EPMA powder metallurgy summer school 2018,,2018,5,21,4,457,,journal-article,,https://doi.org/10.1016/j.mattod.2018.03.028
10.1016/j.mattod.2017.11.004,Dislocation network in additive manufactured steel breaks strength–ductility trade-off,Leifeng Liu; Qingqing Ding; Yuan Zhong; Ji Zou; Jing Wu; Yu-Lung Chiu; Jixue Li; Ze Zhang; Qian Yu; Zhijian Shen,2018,5,21,4,354-361,,journal-article,,https://doi.org/10.1016/j.mattod.2017.11.004
10.1016/j.mattod.2017.12.004,High stiffness polymer composite with tunable transparency,Peter Samora Owuor; Varun Chaudhary; Cristiano F. Woellner; V Sharma; R.V. Ramanujan; Anthony S. Stender; Matias Soto; Sehmus Ozden; Enrique V. Barrera; Robert Vajtai; Douglas S. Galvão; Jun Lou; Chandra Sekhar Tiwary; Pulickel M. Ajayan,2018,6,21,5,475-482,,journal-article,,https://doi.org/10.1016/j.mattod.2017.12.004
10.1016/j.mattod.2018.05.015,New process makes wood stronger than many titanium alloys,Laurie Donaldson,2018,6,21,5,459-460,,journal-article,,https://doi.org/10.1016/j.mattod.2018.05.015
10.1016/j.mattod.2018.06.015,Glassy metal alloys,David Bradley,2018,7,21,6,585-586,,journal-article,,https://doi.org/10.1016/j.mattod.2018.06.015
10.1016/j.mattod.2018.03.006,Interface affected zone for optimal strength and ductility in heterogeneous laminate,C.X. Huang; Y.F. Wang; X.L. Ma; S. Yin; H.W. Höppel; M. Göken; X.L. Wu; H.J. Gao; Y.T. Zhu,2018,9,21,7,713-719,,journal-article,,https://doi.org/10.1016/j.mattod.2018.03.006
10.1016/j.mattod.2018.03.029,Recent progresses on physics and applications of vanadium dioxide,Kai Liu; Sangwook Lee; Shan Yang; Olivier Delaire; Junqiao Wu,2018,10,21,8,875-896,,journal-article,,https://doi.org/10.1016/j.mattod.2018.03.029
10.1016/j.mattod.2018.10.011,Materials based on nature’s protective armor,Laurie Donaldson,2018,11,21,9,930-931,,journal-article,,https://doi.org/10.1016/j.mattod.2018.10.011
10.1016/j.mattod.2018.10.002,Improving nuclear reactor performance is a gas,Cordelia Sealy,2018,11,21,9,935-936,,journal-article,,https://doi.org/10.1016/j.mattod.2018.10.002
10.1016/j.mattod.2018.07.015,Beating hydrogen with its own weapon: Nano-twin gradients enhance embrittlement resistance of a high-entropy alloy,Hong Luo; Wenjun Lu; Xufei Fang; Dirk Ponge; Zhiming Li; Dierk Raabe,2018,12,21,10,1003-1009,,journal-article,,https://doi.org/10.1016/j.mattod.2018.07.015
10.1016/j.mattod.2018.10.035,Oxidized 2D titanium carbide MXene,Grayson Deysher; Saleesha Sin; Yury Gogotsi; Babak Anasori,2018,12,21,10,1064-1065,,journal-article,,https://doi.org/10.1016/j.mattod.2018.10.035
10.1016/j.mattod.2018.10.027,Polystyrene makes an impact under fire,Cordelia Sealy,2018,12,21,10,996-997,,journal-article,,https://doi.org/10.1016/j.mattod.2018.10.027
10.1016/j.mattod.2018.12.025,Set lasers to “cure” for spot-welding of composites,David Bradley,2019,1,22,,3-4,,journal-article,,https://doi.org/10.1016/j.mattod.2018.12.025
10.1016/j.mattod.2018.12.024,Memory steel,David Bradley,2019,1,22,,4,,journal-article,,https://doi.org/10.1016/j.mattod.2018.12.024
10.1016/j.mattod.2018.04.005,Temperature-responsive tungsten doped vanadium dioxide thin film starves bacteria to death,Jinhua Li; Wei Liu; Xianlong Zhang; Paul K. Chu; Kenneth M.C. Cheung; Kelvin W.K. Yeung,2019,1,22,,35-49,,journal-article,,https://doi.org/10.1016/j.mattod.2018.04.005
10.1016/j.mattod.2019.03.001,Real-time nanoscale observation of deformation mechanisms in CrCoNi-based medium- to high-entropy alloys at cryogenic temperatures,Qingqing Ding; Xiaoqian Fu; Dengke Chen; Hongbin Bei; Bernd Gludovatz; Jixue Li; Ze Zhang; Easo P. George; Qian Yu; Ting Zhu; Robert O. Ritchie,2019,5,25,,21-27,,journal-article,,https://doi.org/10.1016/j.mattod.2019.03.001
10.1016/j.mattod.2019.04.006,Lobster inspires soft but strong body armor,Cordelia Sealy,2019,6,26,,4-5,,journal-article,,https://doi.org/10.1016/j.mattod.2019.04.006
10.1016/j.mattod.2019.04.010,Deformation alloys identified at the nanoscale,Laurie Donaldson,2019,6,26,,2-3,,journal-article,,https://doi.org/10.1016/j.mattod.2019.04.010
10.1016/j.mattod.2019.06.012,Recyclable graphite-cellulose composite stronger than steel,Cordelia Sealy,2019,9,28,,7-8,,journal-article,,https://doi.org/10.1016/j.mattod.2019.06.012
10.1016/j.mattod.2019.09.013,Easy to wear multifunctional device offers many applications,Laurie Donaldson,2019,11,30,,4,,journal-article,,https://doi.org/10.1016/j.mattod.2019.09.013
10.1016/j.mattod.2019.03.016,"A printed, recyclable, ultra-strong, and ultra-tough graphite structural material",Yubing Zhou; Chaoji Chen; Shuze Zhu; Chao Sui; Chao Wang; Yudi Kuang; Upamanyu Ray; Dapeng Liu; Alexandra Brozena; Ulrich H. Leiste; Nelson Quispe; Hua Guo; Azhar Vellore; Hugh A. Bruck; Ashlie Martini; Bob Foster; Jun Lou; Teng Li; Liangbing Hu,2019,11,30,,17-25,,journal-article,,https://doi.org/10.1016/j.mattod.2019.03.016
10.1016/j.mattod.2019.04.017,Degenerate electron-doping in two-dimensional tungsten diselenide with a dimeric organometallic reductant,Rui Guo; Qiang Li; Yue Zheng; Bo Lei; Haicheng Sun; Zehua Hu; Jialin Zhang; Li Wang; Elena Longhi; Stephen Barlow; Seth R. Marder; Jinlan Wang; Wei Chen,2019,11,30,,26-33,,journal-article,,https://doi.org/10.1016/j.mattod.2019.04.017
10.1016/j.mattod.2019.04.021,Flash infrared annealing as a cost-effective and low environmental impact processing method for planar perovskite solar cells,Sandy Sánchez; Marta Vallés-Pelarda; Jaume-Adrià Alberola-Borràs; Rosario Vidal; José J. Jerónimo-Rendón; Michael Saliba; Pablo P. Boix; Iván Mora-Seró,2019,12,31,,39-46,,journal-article,,https://doi.org/10.1016/j.mattod.2019.04.021
10.1016/j.mattod.2019.09.024,Nanotechnology enabled design of a structural material with extreme strength as well as thermal and electrical properties,M. Rajagopalan; K.A. Darling; C. Kale; S.A. Turnage; R.K. Koju; B.C. Hornbuckle; Y. Mishin; K.N. Solanki,2019,12,31,,10-20,,journal-article,,https://doi.org/10.1016/j.mattod.2019.09.024
10.1016/j.mattod.2020.01.013,3D-printed polymers for lightweight structures,Laurie Donaldson,2020,3,33,,3,,journal-article,,https://doi.org/10.1016/j.mattod.2020.01.013
10.1016/j.mattod.2019.11.001,In situ TEM observations of high-strain-rate deformation and fracture in pure copper,T. Voisin; M.D. Grapes; T.T. Li; M.K. Santala; Y. Zhang; J.P. Ligda; N.J. Lorenzo; B.E. Schuster; G.H. Campbell; T.P. Weihs,2020,3,33,,10-16,,journal-article,,https://doi.org/10.1016/j.mattod.2019.11.001
10.1016/j.mattod.2019.08.008,Machine learning recommends affordable new Ti alloy with bone-like modulus,Chun-Te Wu; Hsiao-Tzu Chang; Chien-Yu Wu; Shi-Wei Chen; Sih-Ying Huang; Mingxin Huang; Yeong-Tsuen Pan; Peta Bradbury; Joshua Chou; Hung-Wei Yen,2020,4,34,,41-50,,journal-article,,https://doi.org/10.1016/j.mattod.2019.08.008
10.1016/j.mattod.2019.08.009,Stretchable and fatigue-resistant materials,Chunping Xiang; Zhengjin Wang; Canhui Yang; Xi Yao; Yecheng Wang; Zhigang Suo,2020,4,34,,7-16,,journal-article,,https://doi.org/10.1016/j.mattod.2019.08.009
10.1016/j.mattod.2020.02.014,High-intensity ultrasound helps strengthen 3D printed alloys,Laurie Donaldson,2020,4,34,,1,,journal-article,,https://doi.org/10.1016/j.mattod.2020.02.014
10.1016/j.mattod.2020.04.001,Nucleation of corrosion products on H2 bubbles,K. Tesař; K. Balík,2020,5,35,,195-196,,journal-article,,https://doi.org/10.1016/j.mattod.2020.04.001
10.1016/j.mattod.2020.02.017,Atomic deformation mechanism and interface toughening in metastable high entropy alloy,Peng Wang; Yeqiang Bu; Jiabin Liu; Qianqian Li; Hongtao Wang; Wei Yang,2020,7,37,,64-73,,journal-article,,https://doi.org/10.1016/j.mattod.2020.02.017
10.1016/j.mattod.2020.06.008,Poly(ethylene oxide) crystallite growth during solvent vapor annealing in block polymer thin films,"Kayla A. Lantz; Thomas H. Epps, III",2020,7,37,,144-145,,journal-article,,https://doi.org/10.1016/j.mattod.2020.06.008
10.1016/j.mattod.2020.04.005,Nanostructural metallic materials: Structures and mechanical properties,L.G. Sun; G. Wu; Q. Wang; J. Lu,2020,9,38,,114-135,,journal-article,,https://doi.org/10.1016/j.mattod.2020.04.005
10.1016/j.mattod.2020.03.025,Methodologies for structural investigations of organic lead halide perovskites,Tae Woong Kim; Nam-Gyu Park,2020,9,38,,67-83,,journal-article,,https://doi.org/10.1016/j.mattod.2020.03.025
10.1016/j.mattod.2020.03.004,Genetic algorithm-guided deep learning of grain boundary diagrams: Addressing the challenge of five degrees of freedom,Chongze Hu; Yunxing Zuo; Chi Chen; Shyue Ping Ong; Jian Luo,2020,9,38,,49-57,,journal-article,,https://doi.org/10.1016/j.mattod.2020.03.004
10.1016/j.mattod.2020.08.015,Tailored tungsten lattice structures for plasma-facing components in magnetic confinement fusion devices,Alexander v. Müller; Maximilian Binder; Giuseppe Calabro; Riccardo De Luca; Pierluigi Fanelli; Rudolf Neu; Georg Schlick; Francesco Vivio; Jeong-Ha You,2020,10,39,,146-147,,journal-article,,https://doi.org/10.1016/j.mattod.2020.08.015
10.1016/j.mattod.2020.08.008,How to boost the tin in your GeSn semiconductor alloys,David Bradley,2020,10,39,,4,,journal-article,,https://doi.org/10.1016/j.mattod.2020.08.008
10.1016/j.mattod.2020.09.011,New titanium implants could last a lifetime,Cordelia Sealy,2020,11,40,,5,,journal-article,,https://doi.org/10.1016/j.mattod.2020.09.011
10.1016/j.mattod.2020.09.014,Scintillating sintering improved,David Bradley,2020,11,40,,3-4,,journal-article,,https://doi.org/10.1016/j.mattod.2020.09.014
10.1016/j.mattod.2020.09.029,Multistage work hardening assisted by multi-type twinning in ultrafine-grained heterostructural eutectic high-entropy alloys,Peijian Shi; Yunbo Zhong; Yi Li; Weili Ren; Tianxiang Zheng; Zhe Shen; Bing Yang; Jianchao Peng; Pengfei Hu; Yong Zhang; Peter K. Liaw; Yuntian Zhu,2020,12,41,,62-71,,journal-article,,https://doi.org/10.1016/j.mattod.2020.09.029
10.1016/j.mattod.2020.07.016,Unveiling the structural origin to control resistance drift in phase-change memory materials,Wei Zhang; Evan Ma,2020,12,41,,156-176,,journal-article,,https://doi.org/10.1016/j.mattod.2020.07.016
10.1016/j.mattod.2020.04.009,Advanced bio-inspired structural materials: Local properties determine overall performance,Binjie Zhang; Qigang Han; Junqiu Zhang; Zhiwu Han; Shichao Niu; Luquan Ren,2020,12,41,,177-199,,journal-article,,https://doi.org/10.1016/j.mattod.2020.04.009
10.1016/j.mattod.2020.09.030,Design of Fe-based nanocrystalline alloys with superior magnetization and manufacturability,Hu Li; Anding Wang; Tao Liu; Pingbo Chen; Aina He; Qiang Li; Junhua Luan; Chain-Tsuan Liu,2021,1,42,,49-56,,journal-article,,https://doi.org/10.1016/j.mattod.2020.09.030
10.1016/j.mattod.2020.09.022,Etched aluminum panels improve on solar-based water purification,Laurie Donaldson,2021,1,42,,7-8,,journal-article,,https://doi.org/10.1016/j.mattod.2020.09.022
10.1016/j.mattod.2020.10.003,Microalloyed medium-entropy alloy (MEA) composite nanolattices with ultrahigh toughness and cyclability,Xiaobin Feng; James Utama Surjadi; Rong Fan; Xiaocui Li; Wenzhao Zhou; Shijun Zhao; Yang Lu,2021,1,42,,10-16,,journal-article,,https://doi.org/10.1016/j.mattod.2020.10.003
10.1016/j.mattod.2020.09.036,Laser writing of electronic circuitry in thin film molybdenum disulfide: A transformative manufacturing approach,Drake Austin; Kimberly Gliebe; Christopher Muratore; Bryce Boyer; Timothy S. Fisher; Lucas K. Beagle; Anna Benton; Paige Look; David Moore; Emilie Ringe; Benjamin Treml; Ali Jawaid; Richard Vaia; W. Joshua Kennedy; Philip Buskohl; Nicholas R. Glavin,2021,3,43,,17-26,,journal-article,,https://doi.org/10.1016/j.mattod.2020.09.036
10.1016/j.mattod.2020.10.032,Medium-range order dictates local hardness in bulk metallic glasses,Keita Nomoto; Anna V. Ceguerra; Christoph Gammer; Bosong Li; Huma Bilal; Anton Hohenwarter; Bernd Gludovatz; Jürgen Eckert; Simon P. Ringer; Jamie J. Kruzic,2021,4,44,,48-57,,journal-article,,https://doi.org/10.1016/j.mattod.2020.10.032
10.1016/j.mattod.2020.11.021,3D Printing in alloy design to improve biocompatibility in metallic implants,Indranath Mitra; Susmita Bose; William S. Dernell; Nairanjana Dasgupta; Chrissy Eckstrand; Jim Herrick; Michael J. Yaszemski; Stuart B. Goodman; Amit Bandyopadhyay,2021,5,45,,20-34,,journal-article,,https://doi.org/10.1016/j.mattod.2020.11.021
10.1016/j.mattod.2021.02.015,"Air-stable, earth-abundant molten chlorides and corrosion-resistant containment for chemically-robust, high-temperature thermal energy storage for concentrated solar power",Adam S. Caldwell; Grigorios Itskos; Kenneth H. Sandhage,2021,6,46,,9-17,,journal-article,,https://doi.org/10.1016/j.mattod.2021.02.015
10.1016/j.mattod.2021.02.003,Hollow-grained “Voronoi foam” ceramics with high strength and thermal superinsulation up to 1400 °C,Sa Li; Chang-An Wang; Fuqian Yang; Linan An; Kangpyo So; Ju Li,2021,6,46,,35-43,,journal-article,,https://doi.org/10.1016/j.mattod.2021.02.003
10.1016/j.mattod.2021.02.022,Local chemical fluctuation mediated ductility in body-centered-cubic high-entropy alloys,Yeqiang Bu; Yuan Wu; Zhifeng Lei; Xiaoyuan Yuan; Honghui Wu; Xiaobin Feng; Jiabin Liu; Jun Ding; Yang Lu; Hongtao Wang; Zhaoping Lu; Wei Yang,2021,6,46,,28-34,,journal-article,,https://doi.org/10.1016/j.mattod.2021.02.022
10.1016/j.mattod.2021.02.009,3D-to-2D phase transformation through highly ordered 1D crystals from transition-metal oxides to dichalcogenides,Hyangsook Lee; Yeonchoo Cho; Kwang-Sik Jeong; Taejin Park; Mirine Leem; Wonsik Ahn; Hoijoon Kim; Jung-Hwa Kim; Heegu Kim; Mann-Ho Cho; Eunha Lee; Hyoungsub Kim; Sung Woo Hwang,2021,7,47,,38-44,,journal-article,,https://doi.org/10.1016/j.mattod.2021.02.009
10.1016/j.mattod.2021.07.017,Quasicrystal from the first nuclear explosion is promising new material,Laurie Donaldson,2021,9,48,,2,,journal-article,,https://doi.org/10.1016/j.mattod.2021.07.017
10.1016/j.mattod.2021.04.012,In-situ reduced non-oxidized copper nanoparticles in nanocomposites with extraordinary high electrical and thermal conductivity,C. Muhammed Ajmal; Aby Paul Benny; Wonjae Jeon; Seongkyun Kim; Sung Wng Kim; Seunghyun Baik,2021,9,48,,59-71,,journal-article,,https://doi.org/10.1016/j.mattod.2021.04.012
10.1016/j.mattod.2021.09.009,Precipitates help increase toughness of a structural alloy,Laurie Donaldson,2021,10,49,,3,,journal-article,,https://doi.org/10.1016/j.mattod.2021.09.009
10.1016/j.mattod.2021.04.017,Directional amorphization of covalently-bonded solids: A generalized deformation mechanism in extreme loading,S. Zhao; B. Li; B.A. Remington; C.E. Wehrenberg; H.S. Park; E.N. Hahn; M.A. Meyers,2021,10,49,,59-67,,journal-article,,https://doi.org/10.1016/j.mattod.2021.04.017
10.1016/j.mattod.2021.03.018,Accelerated and conventional development of magnetic high entropy alloys,Varun Chaudhary; Richa Chaudhary; Rajarshi Banerjee; R.V. Ramanujan,2021,10,49,,231-252,,journal-article,,https://doi.org/10.1016/j.mattod.2021.03.018
10.1016/j.mattod.2021.03.020,"Directed energy deposition (DED) additive manufacturing: Physical characteristics, defects, challenges and applications",David Svetlizky; Mitun Das; Baolong Zheng; Alexandra L. Vyatskikh; Susmita Bose; Amit Bandyopadhyay; Julie M. Schoenung; Enrique J. Lavernia; Noam Eliaz,2021,10,49,,271-295,,journal-article,,https://doi.org/10.1016/j.mattod.2021.03.020
10.1016/j.mattod.2021.05.001,Advances in multimetallic alloy-based anodes for alkali-ion and alkali-metal batteries,Xin Wang; Shuai Tang; Wei Guo; Yongzhu Fu; Arumugam Manthiram,2021,11,50,,259-275,,journal-article,,https://doi.org/10.1016/j.mattod.2021.05.001
10.1016/j.mattod.2021.06.002,Enhanced strengthening and hardening via self-stabilized dislocation network in additively manufactured metals,Zan Li; Yinan Cui; Wentao Yan; Di Zhang; Yan Fang; Yujie Chen; Qian Yu; Ge Wang; Heng Ouyang; Chen Fan; Qiang Guo; Ding-Bang Xiong; Shenbao Jin; Gang Sha; Nasr Ghoniem; Ze Zhang; Y. Morris Wang,2021,11,50,,79-88,,journal-article,,https://doi.org/10.1016/j.mattod.2021.06.002
10.1016/j.mattod.2021.04.019,A review of additive manufacturing of metamaterials and developing trends,Junxiang Fan; Lei Zhang; Shuaishuai Wei; Zhi Zhang; Seung-Kyum Choi; Bo Song; Yusheng Shi,2021,11,50,,303-328,,journal-article,,https://doi.org/10.1016/j.mattod.2021.04.019
10.1016/j.mattod.2021.08.001,Deformation behavior of a Co-Cr-Fe-Ni-Mo medium-entropy alloy at extremely low temperatures,Jongun Moon; Elena Tabachnikova; Sergii Shumilin; Tetiana Hryhorova; Yuri Estrin; Jamieson Brechtl; Peter K. Liaw; Wenqing Wang; Karin A. Dahmen; Alireza Zargaran; Jae Wung Bae; Hyeon-Seok Do; Byeong-Joo Lee; Hyoung Seop Kim,2021,11,50,,55-68,,journal-article,,https://doi.org/10.1016/j.mattod.2021.08.001
10.1016/j.mattod.2021.09.023,Stable bismuth-antimony alloy cathode with a conversion-dissolution/deposition mechanism for high-performance zinc batteries,Yuwei Zhao; Feng Jiang; Hu Hong; Donghong Wang; Qing Li; You Meng; Zhaodong Huang; Ying Guo; Xinliang Li; Ao Chen; Rong Zhang; Shaoce Zhang; Johnny C. Ho; Zhenpeng Yao; Weishu Liu; Chunyi Zhi,2021,12,51,,87-95,,journal-article,,https://doi.org/10.1016/j.mattod.2021.09.023
10.1016/j.mattod.2021.10.025,Symbiotic crystal-glass alloys via dynamic chemical partitioning,Ge Wu; Chang Liu; Andrea Brognara; Matteo Ghidelli; Yan Bao; Sida Liu; Xiaoxiang Wu; Wenzhen Xia; Huan Zhao; Jing Rao; Dirk Ponge; Vivek Devulapalli; Wenjun Lu; Gerhard Dehm; Dierk Raabe; Zhiming Li,2021,12,51,,6-14,,journal-article,,https://doi.org/10.1016/j.mattod.2021.10.025
10.1016/j.mattod.2021.09.024,Toward multiscale simulations of tailored microstructure formation in metal additive manufacturing,Joel Berry; Aurélien Perron; Jean-Luc Fattebert; John D. Roehling; Bey Vrancken; Tien T. Roehling; Debra L. Rosas; John A. Turner; Saad A. Khairallah; Joseph T. McKeown; Manyalibo J. Matthews,2021,12,51,,65-86,,journal-article,,https://doi.org/10.1016/j.mattod.2021.09.024
10.1016/j.mattod.2021.10.024,Core-shell metallic alloy nanopillars-in-dielectric hybrid metamaterials with magneto-plasmonic coupling,Jijie Huang; Xin Li Phuah; Luke Mitchell McClintock; Prashant Padmanabhan; K.S.N. Vikrant; Han Wang; Di Zhang; Haohan Wang; Ping Lu; Xingyao Gao; Xing Sun; Xiaoshan Xu; R. Edwin García; Hou-Tong Chen; Xinghang Zhang; Haiyan Wang,2021,12,51,,39-47,,journal-article,,https://doi.org/10.1016/j.mattod.2021.10.024
10.1016/j.mattod.2021.09.016,Nano-imprinted anisotropic structural color graphene films for cardiomyocytes dynamic displaying,Changmin Shao; Junjie Chi; Zhuoyue Chen; Lingyu Sun; Luoran Shang; Yuanjin Zhao; Fangfu Ye,2021,12,51,,117-125,,journal-article,,https://doi.org/10.1016/j.mattod.2021.09.016
10.1016/j.mattod.2021.10.009,In situ microscopy techniques for characterizing the mechanical properties and deformation behavior of two-dimensional (2D) materials,Peifeng Li; Zhuo Kang; Zheng Zhang; Qingliang Liao; Feng Rao; Yang Lu; Yue Zhang,2021,12,51,,247-272,,journal-article,,https://doi.org/10.1016/j.mattod.2021.10.009
10.1016/j.mattod.2021.12.004,Chemically complex intermetallic alloys: A new frontier for innovative structural materials,T. Yang; B.X. Cao; T.L. Zhang; Y.L. Zhao; W.H. Liu; H.J. Kong; J.H. Luan; J.J. Kai; W. Kuo; C.T. Liu,2022,1,52,,161-174,,journal-article,,https://doi.org/10.1016/j.mattod.2021.12.004
10.1016/j.mattod.2021.11.026,"Alloy design via additive manufacturing: Advantages, challenges, applications and perspectives",Amit Bandyopadhyay; Kellen D. Traxel; Melanie Lang; Michael Juhasz; Noam Eliaz; Susmita Bose,2022,1,52,,207-224,,journal-article,,https://doi.org/10.1016/j.mattod.2021.11.026
10.1016/j.mattod.2022.01.006,Cat’s paw inspires impact-resistant composite,Cordelia Sealy,2022,1,52,,5-6,,journal-article,,https://doi.org/10.1016/j.mattod.2022.01.006
10.1016/j.mattod.2021.11.019,Superior mechanical properties of a selective-laser-melted AlZnMgCuScZr alloy enabled by a tunable hierarchical microstructure and dual-nanoprecipitation,Zhiguang Zhu; Fern Lan Ng; Hang Li Seet; Wenjun Lu; Christian H. Liebscher; Ziyuan Rao; Dierk Raabe; Sharon Mui Ling Nai,2022,1,52,,90-101,,journal-article,,https://doi.org/10.1016/j.mattod.2021.11.019
10.1016/j.mattod.2022.01.005,Carbon-fiber vitrimer composites reverse fatigue,Cordelia Sealy,2022,1,52,,6,,journal-article,,https://doi.org/10.1016/j.mattod.2022.01.005
10.1016/j.mattod.2022.01.031,Hardened wood could replace plastic and steel,Laurie Donaldson,2022,3,53,,2-3,,journal-article,,https://doi.org/10.1016/j.mattod.2022.01.031
10.1016/j.mattod.2022.02.007,"Nanograin–glass dual-phasic, elasto-flexible, fatigue-tolerant, and heat-insulating ceramic sponges at large scales",Lei Li; Chao Jia; Ying Liu; Ben Fang; Wenqing Zhu; Xiaoyan Li; Laura–Alena Schaefer; Ziwei Li; Fangshu Zhang; Xuning Feng; Naveed Hussain; Xiaoqin Xi; Dong Wang; Yuan–Hua Lin; Xiaoding Wei; Hui Wu,2022,4,54,,72-82,,journal-article,,https://doi.org/10.1016/j.mattod.2022.02.007
10.1016/j.mattod.2021.10.033,"Bottom-up, scalable synthesis of anatase nanofilament-based two-dimensional titanium carbo-oxide flakes",Hussein O. Badr; Tarek El-Melegy; Michael Carey; Varun Natu; Mary Q. Hassig; Craig Johnson; Qian Qian; Christopher Y. Li; Kateryna Kushnir; Erika Colin-Ulloa; Lyubov V. Titova; Julia L. Martin; Ronald L. Grimm; Rahul Pai; Vibha Kalra; Avishek Karmakar; Anthony Ruffino; Stefan Masiuk; Kun Liang; Michael Naguib; Olivia Wilson; Andrew Magenau; Kiana Montazeri; Yucheng Zhu; Hao Cheng; Takeshi Torita; Masashi Koyanagi; Akimaro Yanagimachi; Thierry Ouisse; Maxime Barbier; Fabrice Wilhelm; Andrei Rogalev; Jonas Björk; Per O.Å. Persson; Johanna Rosen; Yong-Jie Hu; Michel W. Barsoum,2022,4,54,,8-17,,journal-article,,https://doi.org/10.1016/j.mattod.2021.10.033
10.1016/j.mattod.2022.02.006,Solving oxygen embrittlement of refractory high-entropy alloy via grain boundary engineering,Zhengqi Wang; Honghui Wu; Yuan Wu; Hailong Huang; Xiangyu Zhu; Yingjie Zhang; Huihui Zhu; Xiaoyuan Yuan; Qiang Chen; Shudao Wang; Xiongjun Liu; Hui Wang; Suihe Jiang; Moon J. Kim; Zhaoping Lu,2022,4,54,,83-89,,journal-article,,https://doi.org/10.1016/j.mattod.2022.02.006
10.1016/j.mattod.2022.03.012,Starfish skeleton points way to stronger lightweight ceramics,Laurie Donaldson,2022,4,54,,1-2,,journal-article,,https://doi.org/10.1016/j.mattod.2022.03.012
10.1016/j.mattod.2022.04.007,Reaching near-theoretical strength by achieving quasi-homogenous surface dislocation nucleation in MgO particles,Sijing Chen; Fei Liu; Boyu Liu; Xiao Chen; Xiaoxing Ke; Manchen Zhang; Xiaochang Tang; Pengfei Guan; Ze Zhang; Zhiwei Shan; Qian Yu,2022,5,55,,37-45,,journal-article,,https://doi.org/10.1016/j.mattod.2022.04.007
10.1016/j.mattod.2022.03.002,Breaking the purity-stability dilemma in pure Cu with grain boundary relaxation,Huangliu Fu; Xin Zhou; Hongtao Xue; Xiuyan Li; K. Lu,2022,5,55,,66-73,,journal-article,,https://doi.org/10.1016/j.mattod.2022.03.002
10.1016/j.mattod.2022.05.002,Model composite promises structural batteries,Cordelia Sealy,2022,5,55,,4-5,,journal-article,,https://doi.org/10.1016/j.mattod.2022.05.002
10.1016/j.mattod.2022.04.006,Plasmon-induced long-lived hot electrons in degenerately doped molybdenum oxides for visible-light-driven photochemical reactions,Yichao Wang; Ali Zavabeti; Farjana Haque; Bao Yue Zhang; Qifeng Yao; Lu Chen; Dehong Chen; Yihong Hu; Naresh Pillai; Yongkun Liu; Kibret A. Messalea; Chunhui Yang; Baohua Jia; David M. Cahill; Yongxiang Li; Chris F. McConville; Jian Zhen Ou; Lingxue Kong; Xiaoming Wen; Wenrong Yang,2022,5,55,,21-28,,journal-article,,https://doi.org/10.1016/j.mattod.2022.04.006
10.1016/j.mattod.2022.04.010,Electrochemical swelling induced high material utilization of porous polymers in magnesium electrolytes,Xiaojun Wang; Hui Dong; Alae Eddine Lakraychi; Ye Zhang; Xu Yang; Hongzhi Zheng; Xinpeng Han; Xiaonan Shan; Chuanxin He; Yan Yao,2022,5,55,,29-36,,journal-article,,https://doi.org/10.1016/j.mattod.2022.04.010
10.1016/j.mattod.2022.05.013,New 3D printing technique reduces part deformation,Laurie Donaldson,2022,6,56,,3-4,,journal-article,,https://doi.org/10.1016/j.mattod.2022.05.013
10.1016/j.mattod.2022.05.009,Advances and perspectives on one-dimensional nanostructure electrode materials for potassium-ion batteries,Zhitong Xiao; Xuanpeng Wang; Jiashen Meng; Hong Wang; Yunlong Zhao; Liqiang Mai,2022,6,56,,114-134,,journal-article,,https://doi.org/10.1016/j.mattod.2022.05.009
10.1016/j.mattod.2022.07.008,Mechanistic insight into the impact of pre-lithiation on the cycling stability of lithium-ion battery,Jinran Sun; Lang Huang; Gaojie Xu; Shamu Dong; Chunsheng Wang; Guanglei Cui,2022,9,58,,110-118,,journal-article,,https://doi.org/10.1016/j.mattod.2022.07.008
10.1016/j.mattod.2022.06.007,Customizable solid-state batteries toward shape-conformal and structural power supplies,Lu Wei; Song-Tao Liu; Moran Balaish; Zhuo Li; Xiao-Yan Zhou; Jennifer L.M. Rupp; Xin Guo,2022,9,58,,297-312,,journal-article,,https://doi.org/10.1016/j.mattod.2022.06.007
10.1016/j.mattod.2022.07.004,Single-material aluminum foil as anodes enabling high-performance lithium-ion batteries: The roles of prelithiation and working mechanism,Daqing Li; Fulu Chu; Zhenjiang He; Yi Cheng; Feixiang Wu,2022,9,58,,80-90,,journal-article,,https://doi.org/10.1016/j.mattod.2022.07.004
10.1016/j.mattod.2022.10.026,Introducing C phase in additively manufactured Ti-6Al-4V: A new oxygen-stabilized face-centred cubic solid solution with improved mechanical properties,H. Wang; Q. Chao; X.Y. Cui; Z.B. Chen; A.J. Breen; M. Cabral; N. Haghdadi; Q.W. Huang; R.M. Niu; H.S. Chen; B. Lim; S. Primig; M. Brandt; W. Xu; S.P. Ringer; X.Z. Liao,2022,12,61,,11-21,,journal-article,,https://doi.org/10.1016/j.mattod.2022.10.026
10.1016/j.mattod.2022.12.006,Electrospray printing: Unravelling the history of a support free three-dimensional additive manufacturing technology,Suwan N. Jayasinghe,2023,1,62,,14-20,,journal-article,,https://doi.org/10.1016/j.mattod.2022.12.006
10.1016/j.mattod.2023.02.001,3D printing of living structural biocomposites,Matteo Hirsch; Lorenzo Lucherini; Ran Zhao; Alexandra Clarà Saracho; Esther Amstad,2023,1,62,,21-32,,journal-article,,https://doi.org/10.1016/j.mattod.2023.02.001
10.1016/j.mattod.2022.12.002,"A strong, lightweight, and damping cermet material with a nacre-like ultrafine 3D interpenetrated architecture",Yanyan Liu; Xi Xie; Zengqian Liu; Qin Yu; Qing Jia; Shaogang Wang; Zhefeng Zhang; Rui Yang; Robert O. Ritchie,2023,1,62,,62-70,,journal-article,,https://doi.org/10.1016/j.mattod.2022.12.002
10.1016/j.mattod.2023.02.012,Achieving superb strength in single-phase FCC alloys via maximizing volume misfit,Zhongtao Li; Shihua Ma; Shijun Zhao; Weidong Zhang; Fei Peng; Qian Li; Tao Yang; Chia-Yi Wu; Daixiu Wei; Yi-Chia Chou; Peter K. Liaw; Yanfei Gao; Zhenggang Wu,2023,3,63,,108-119,,journal-article,,https://doi.org/10.1016/j.mattod.2023.02.012
10.1016/j.mattod.2023.02.014,Quantum machine-learning phase prediction of high-entropy alloys,Payden Brown; Houlong Zhuang,2023,3,63,,18-31,,journal-article,,https://doi.org/10.1016/j.mattod.2023.02.014
10.1016/j.mattod.2023.03.007,Single-shot forward and inverse hierarchical architected materials design for nonlinear mechanical properties using an Attention-Diffusion model,Andrew J. Lew; Markus J. Buehler,2023,4,64,,10-20,,journal-article,,https://doi.org/10.1016/j.mattod.2023.03.007
10.1016/j.mattod.2023.03.028,Unveiling deformation twin nucleation and growth mechanisms in BCC transition metals and alloys,Jianwei Xiao; Lingyu Zhu; Rui Wang; Chuang Deng; Zhaoxuan Wu; Yuntian Zhu,2023,5,65,,90-99,,journal-article,,https://doi.org/10.1016/j.mattod.2023.03.028
10.1016/j.mattod.2023.03.009,Short-range ordering alters the dislocation nucleation and propagation in refractory high-entropy alloys,Shuai Chen; Zachary H. Aitken; Subrahmanyam Pattamatta; Zhaoxuan Wu; Zhi Gen Yu; David J. Srolovitz; Peter K. Liaw; Yong-Wei Zhang,2023,5,65,,14-25,,journal-article,,https://doi.org/10.1016/j.mattod.2023.03.009
10.1016/j.mattod.2023.04.009,E-beam-enhanced solid-state mechanical amorphization of α-quartz: Reduced deformation barrier via localized excess electrons as network modifiers,Sung-Gyu Kang; Wonseok Jeong; Jeongin Paeng; Hwangsun Kim; Eunsol Lee; Gyeong-Su Park; Seungwu Han; Heung Nam Han; In-Suk Choi,2023,6,66,,62-71,,journal-article,,https://doi.org/10.1016/j.mattod.2023.04.009
10.1016/j.mattod.2023.05.028,How to enhance the C2 products selectivity of copper-based catalysts towards electrochemical CO2 reduction?—A review,Meng Li; Yue Hu; Tianci Wu; Afriyanti Sumboja; Dongsheng Geng,2023,7,67,,320-343,,journal-article,,https://doi.org/10.1016/j.mattod.2023.05.028
10.1016/j.mattod.2023.06.012,Ultra-lightweight compositionally complex alloys with large ambient-temperature hydrogen storage capacity,Yuanyuan Shang; Zhifeng Lei; Ebert Alvares; Sebastiano Garroni; Ting Chen; Roberto Dore; Mauro Rustici; Stefano Enzo; Alexander Schökel; Yunzhu Shi; Paul Jerabek; Zhaoping Lu; Thomas Klassen; Claudio Pistidda,2023,7,67,,113-126,,journal-article,,https://doi.org/10.1016/j.mattod.2023.06.012
10.1016/j.mattod.2023.07.020,"Strong, tough, fatigue-resistant and 3D-printable hydrogel composites reinforced by aramid nanofibers",Hanzheng Xing; Xiangnan He; Yujia Wang; Xuan Zhang; Lei Li; Yecheng Wang; Zekun Cheng; Hui Wu; Qi Ge; Xiaoyan Li,2023,9,68,,84-95,,journal-article,,https://doi.org/10.1016/j.mattod.2023.07.020
10.1016/j.mattod.2023.07.004,Three-dimensional piezoceramic sheets via mold-assisted sintering as 3D energy transducers,Yao Shan; Chao Zhang; Pengyu Li; Shiyuan Liu; Xiaodan Yang; Zhuomin Zhang; Ying Hong; Guangzu Zhang; Zhengbao Yang,2023,9,68,,74-83,,journal-article,,https://doi.org/10.1016/j.mattod.2023.07.004
10.1016/j.mattod.2023.06.024,Orchestrated copper-based nanoreactor for remodeling tumor microenvironment to amplify cuproptosis-mediated anti-tumor immunity in colorectal cancer,Xiao-Kang Jin; Jun-Long Liang; Shi-Man Zhang; Qian-Xiao Huang; Shun-Kang Zhang; Chuan-Jun Liu; Xian-Zheng Zhang,2023,9,68,,108-124,,journal-article,,https://doi.org/10.1016/j.mattod.2023.06.024
10.1016/j.mattod.2023.07.018,"Low-density, high-strength metal mechanical metamaterials beyond the Gibson-Ashby model",Haozhang Zhong; Raj Das; Jianfeng Gu; Ma Qian,2023,9,68,,96-107,,journal-article,,https://doi.org/10.1016/j.mattod.2023.07.018
10.1016/j.mattod.2023.08.025,Controllable structure-engineered janus and alloy polymorphic monolayer transition metal dichalcogenides by plasma-assisted selenization process toward high-yield and wafer-scale production,Paul Albert L. Sino; Tzu-Chieh Lin; Sumayah Wani; Ling Lee; Chieh-Ting Chen; Ming-Jin Liu; Yao-Zen Kuo; Bushra Rehman; Kim Tuyen Le; Jyh-Ming Wu; Feng-Chuan Chuang; Yu-Lun Chueh,2023,10,69,,97-106,,journal-article,,https://doi.org/10.1016/j.mattod.2023.08.025
10.1016/j.mattod.2023.08.006,Regulating cation mixing for enhanced structural stability of layered oxide cathodes by ion-exchange strategy,Yu-hong Luo; Qing-lin Pan; Han-xin Wei; Ying-de Huang; Lin-bo Tang; Zhen-yu Wang; Cheng Yan; Jing Mao; Ke-hua Dai; Qing Wu; Xia-hui Zhang; Jun-chao Zheng,2023,10,69,,54-65,,journal-article,,https://doi.org/10.1016/j.mattod.2023.08.006
10.1016/j.mattod.2023.09.012,Jackfruit inspires impact resistant materials,Cordelia Sealy,2023,10,69,,6-8,,journal-article,,https://doi.org/10.1016/j.mattod.2023.09.012
10.1016/j.mattod.2023.08.022,Printable structural colors and their emerging applications,Gang Li; Meiying Leng; Shancheng Wang; Yujie Ke; Wei Luo; Huiru Ma; Jianguo Guan; Yi Long,2023,10,69,,133-159,,journal-article,,https://doi.org/10.1016/j.mattod.2023.08.022
10.1016/j.mattod.2023.09.010,Complex alloys promise lightweight hydrogen storage,Cordelia Sealy,2023,10,69,,4,,journal-article,,https://doi.org/10.1016/j.mattod.2023.09.010
10.1016/j.mattod.2023.10.008,Emerging electrochemical additive manufacturing technology for advanced materials: Structures and applications,Hafsa Siddiqui; Netrapal Singh; Palash Naidu; Koyalada Bhavani Srinivas Rao; Shaily Gupta; Avanish Kumar Srivastava; M.S. Santosh; Sathish Natarajan; Surender Kumar; Ludovic F. Dumée; Sami Rtimi,2023,11,70,,161-192,,journal-article,,https://doi.org/10.1016/j.mattod.2023.10.008
10.1016/j.mattod.2023.07.022,A sequential dual-passivation strategy for designing stainless steel used above water oxidation,Kaiping Yu; Shihui Feng; Chao Ding; Meng Gu; Peng Yu; Mingxin Huang,2023,11,70,,8-16,,journal-article,,https://doi.org/10.1016/j.mattod.2023.07.022
10.1016/j.mattod.2023.09.007,Tailoring the mechanical properties of 3D microstructures: A deep learning and genetic algorithm inverse optimization framework,Xiao Shang; Zhiying Liu; Jiahui Zhang; Tianyi Lyu; Yu Zou,2023,11,70,,71-81,,journal-article,,https://doi.org/10.1016/j.mattod.2023.09.007
10.1016/j.mattod.2023.10.002,Engineering the fracture resistance of 2H-transition metal dichalcogenides using vacancies: An in-silico investigation based on HRTEM images,Hoang Nguyen; Xu Zhang; Jianguo Wen; Xiang Zhang; Pulickel M. Ajayan; Horacio D. Espinosa,2023,11,70,,17-32,,journal-article,,https://doi.org/10.1016/j.mattod.2023.10.002
10.1016/j.mattod.2023.10.007,"Fundamental comprehension, synthetic procedures and catalytic applications of high entropy oxide nanomaterials",Qishun Wang; Xiangwen Liu; Daping He; Dingsheng Wang,2023,11,70,,218-236,,journal-article,,https://doi.org/10.1016/j.mattod.2023.10.007
10.1016/j.mattod.2023.11.002,Additive manufacturing electrochemistry: An overview of producing bespoke conductive additive manufacturing filaments,Robert D. Crapnell; Cristiane Kalinke; Luiz Ricardo G. Silva; Jéssica S. Stefano; Rhys J. Williams; Rodrigo Alejandro Abarza Munoz; Juliano A. Bonacin; Bruno C. Janegitz; Craig E. Banks,2023,12,71,,73-90,,journal-article,,https://doi.org/10.1016/j.mattod.2023.11.002
10.1016/j.mattod.2023.11.019,Defects engineer fracture resistance in 2D materials,Cordelia Sealy,2023,12,71,,2-3,,journal-article,,https://doi.org/10.1016/j.mattod.2023.11.019
10.1016/j.mattod.2023.11.003,"Bioinspired, heredity-derived hierarchical bulk multifunctional copper alloys",Peijian Shi; Zhe Shen; Hongguang Wang; Zhi Li; Yejun Gu; Yi Li; Jie Yan; Zhongze Lin; Mingyang Wang; Yinpan Yang; Chunyan Ling; Biao Ding; Na Min; Jianchao Peng; Junhua Luan; Tengshi Liu; Weili Ren; Zuosheng Lei; Yangtao Zhou; Yi Liu; Ningning Liang; Peter A. van Aken; Yang Ren; Yunbo Zhong; C.T. Liu; Huajian Gao; Yuntian Zhu,2023,12,71,,22-37,,journal-article,,https://doi.org/10.1016/j.mattod.2023.11.003
10.1016/j.mattod.2023.12.007,Contact electrification controlled by material deformation-induced electronic structure changes,Donghyeon Kang; Joon-Ha Hwang; Young-Jun Kim; Pin Zhao; Hyeon Yeong Lee; Jihye Kim; Min Seok Shin; Sera Jeon; SeongMin Kim; Sang-Woo Kim,2024,1,72,,109-116,,journal-article,,https://doi.org/10.1016/j.mattod.2023.12.007
10.1016/j.mattod.2023.12.004,Anomalous strengthening behavior of nanocrystal-reinforced polyurethane fibers,Mengyu Li; Xin Han; Yu Zhang; Chengcheng Yu; Lei Li; Xiaopeng Li; Lin Zhang; Dan Guo; Guoxin Xie,2024,1,72,,87-96,,journal-article,,https://doi.org/10.1016/j.mattod.2023.12.004
10.1016/j.mattod.2023.12.002,Challenges and recent progress on anodes and their interfacial optimization towards high-performance rechargeable magnesium batteries,Song Chen; Heping Ma; Yibo Du; Wenming Zhang; Hui Ying Yang,2024,1,72,,282-300,,journal-article,,https://doi.org/10.1016/j.mattod.2023.12.002
10.1016/j.mattod.2023.12.006,Chemical short-range order in multi-principal element alloy with ordering effects on water electrolysis performance,Yiyuan Yang; Zhe Jia; Xinyue Zhang; Yujing Liu; Qianqian Wang; Yongjie Li; Liliang Shao; Siyi Di; Juan Kuang; Ligang Sun; Lai-Chang Zhang; Jamie J. Kruzic; Yang Lu; Jian Lu; Baolong Shen,2024,1,72,,97-108,,journal-article,,https://doi.org/10.1016/j.mattod.2023.12.006
10.1016/j.mattod.2023.11.015,Heterogeneous microstructural evolution during hydrodynamic penetration of a high-velocity copper microparticle impacting copper,Ahmed A. Tiamiyu; Tyler Lucas; Edward L. Pang; Xi Chen; James M. LeBeau; Christopher A. Schuh,2024,1,72,,71-86,,journal-article,,https://doi.org/10.1016/j.mattod.2023.11.015
10.1016/j.mattod.2024.01.008,Creating continuously graded microstructures via electrochemically altering grain boundary complexions,Qizhang Yan; Chongze Hu; Jian Luo,2024,3,73,,66-78,,journal-article,,https://doi.org/10.1016/j.mattod.2024.01.008
10.1016/j.mattod.2024.01.003,Asymmetric structural design of a highly oriented multi-resonance emitter enables a record 41.5% external quantum efficiency in deep-blue OLED,Guomeng Li; Mingxu Du; Tianjiao Fan; Xiaofeng Luo; Lian Duan; Yuewei Zhang,2024,3,73,,30-37,,journal-article,,https://doi.org/10.1016/j.mattod.2024.01.003
10.1016/j.mattod.2024.01.012,Implementing electronic signatures of graphene and hexagonal boron nitride in twisted bilayer molybdenum disulfide,Florian M. Arnold; Alireza Ghasemifard; Agnieszka Kuc; Thomas Heine,2024,3,73,,96-104,,journal-article,,https://doi.org/10.1016/j.mattod.2024.01.012
10.1016/j.mattod.2024.02.005,A novel entropy-stabilized oxide coating thermally grown from a valve metal-based complex concentrated alloy,Meifeng Li; Haofei Sun; Xuehai Tan; Hao Zhang; Jing Liu,2024,5,74,,46-57,,journal-article,,https://doi.org/10.1016/j.mattod.2024.02.005
10.1016/j.mattod.2024.04.003,Oxygen-dislocation interaction-mediated nanotwinned nanomartensites in ultra-strong and ductile titanium alloys,Chongle Zhang; Xuanzhe Li; Suzhi Li; Jinyu Zhang; Jiao Li; Gang Liu; Jun Sun,2024,6,75,,85-96,,journal-article,,https://doi.org/10.1016/j.mattod.2024.04.003
10.1016/j.mattod.2024.04.008,Manufacturing of high-conductivity carbon nanotube fibers and extensible coils by immersed extrusion,Crystal E. Owens; Gareth H. McKinley; A. John Hart,2024,6,75,,97-111,,journal-article,,https://doi.org/10.1016/j.mattod.2024.04.008
10.1016/j.mattod.2024.05.006,Additively manufactured fine-grained ultrahigh-strength bulk aluminum alloys with nanostructured strengthening defects,Gan Li; Chunlu Zhao; Yuhe Huang; Qiyang Tan; Junhua Hou; Xi He; Chuan Guo; Wenjun Lu; Lin Zhou; Sida Liu; Lei Zhang; Xuliang Chen; Xinggang Li; Ying Li; Junhua Luan; Zhenmin Li; Xinping Mao; Ming-Xing Zhang; Qiang Zhu; Jian Lu,2024,7,76,,40-51,,journal-article,,https://doi.org/10.1016/j.mattod.2024.05.006
10.1016/j.mattod.2024.06.003,Bio-inspired mechanical metamaterial with ultrahigh load-bearing capacity for energy dissipation,Sen Yan; Wenlong Liu; Xiaojun Tan; Zhiqiang Meng; Weijia Luo; Hang Jin; Yongzheng Wen; Jingbo Sun; Lingling Wu; Ji Zhou,2024,8,77,,11-18,,journal-article,,https://doi.org/10.1016/j.mattod.2024.06.003
10.1016/j.mattod.2024.06.014,Corrigendum to “Oxygen-dislocation interaction-mediated nanotwinned nanomartensites in ultra-strong and ductile titanium alloys” [Mater. Today 75 (2024) 85–96],Chongle Zhang; Xuanzhe Li; Suzhi Li; Jinyu Zhang; Jiao Li; Gang Liu; Jun Sun,2024,8,77,,185-186,,journal-article,,https://doi.org/10.1016/j.mattod.2024.06.014
10.1016/j.mattod.2024.06.005,Overview of high-entropy oxide ceramics,Yitao Jiao; Jian Dai; Zhenhao Fan; Junye Cheng; Guangping Zheng; Lawan Grema; Junwen Zhong; Hai-Feng Li; Dawei Wang,2024,8,77,,92-117,,journal-article,,https://doi.org/10.1016/j.mattod.2024.06.005
10.1016/j.mattod.2024.06.009,Structural design of a scalable glass with high hardness and crack initiation resistance,Anjali Yadav; Anne Rebecca; Saurabh Kapoor; Yueh-Ting Shih; Liping Huang; Ashutosh Goel,2024,9,78,,1-9,,journal-article,,https://doi.org/10.1016/j.mattod.2024.06.009
10.1016/j.mattod.2024.07.009,The taming of the screw: Dislocation cores in BCC metals and alloys,Rui Wang; Lingyu Zhu; Subrahmanyam Pattamatta; David J. Srolovitz; Zhaoxuan Wu,2024,10,79,,36-48,,journal-article,,https://doi.org/10.1016/j.mattod.2024.07.009
10.1016/j.mattod.2024.08.007,Capturing the ultrahigh temperature response of materials with sub-scale tensile testing,Syed I.A. Jalali; Michael S. Patullo; Noah Philips; Kevin J. Hemker,2024,11,80,,87-100,,journal-article,,https://doi.org/10.1016/j.mattod.2024.08.007
10.1016/j.mattod.2024.09.006,Superior high-temperature mechanical properties and microstructural features of LPBF-printed In625-based metal matrix composites,Emre Tekoglu; Jong-Soo Bae; Ho-A Kim; Kwang-Hyeok Lim; Jian Liu; Tyler D. Doležal; So Yeon Kim; Mohammed A. Alrizqi; Aubrey Penn; Wen Chen; A. John Hart; Joo-Hee Kang; Chang-Seok Oh; Jiwon Park; Fan Sun; Sangtae Kim; Gi-Dong Sim; Ju Li,2024,11,80,,297-307,,journal-article,,https://doi.org/10.1016/j.mattod.2024.09.006
10.1016/j.mattod.2024.09.004,Advanced anti-ablation C/C composites: structural design strategies and future perspective,Xin Zhang; Lingjun Guo; Huimin Liu; Yulei Zhang; Qiangang Fu; Xuemin Yin; Hejun Li,2024,11,80,,710-736,,journal-article,,https://doi.org/10.1016/j.mattod.2024.09.004
10.1016/j.mattod.2024.08.012,Ablation-resistant yttrium-modified high-entropy refractory metal silicide (NbMoTaW)Si2 coating for oxidizing environments up to 2100 °C,Juan Kuang; Qianqian Wang; Zhe Jia; Guoming Yi; Bo Sun; Yiyuan Yang; Ligang Sun; Ping Zhang; Pengfei He; Yue Xing; Xiubing Liang; Yang Lu; Baolong Shen,2024,11,80,,156-166,,journal-article,,https://doi.org/10.1016/j.mattod.2024.08.012
10.1016/j.mattod.2024.09.014,Deciphering carbon dots in a new perspective from structural engineering to mechanisms in batteries,Wenyi Lu; Jian Tan; Yongshuai Liu; Longli Ma; Pengshu Yi; Shaochong Cao; Qianming He; Zhan Fang; Zhu Liu; Mingxin Ye; Jianfeng Shen,2024,11,80,,856-885,,journal-article,,https://doi.org/10.1016/j.mattod.2024.09.014
10.1016/j.mattod.2024.09.013,On the mechanistic origin of nanoscale “cold welding”,Peng Dong; Bo Song; Xin Zhai; Yanfei Gao,2024,11,80,,905-912,,journal-article,,https://doi.org/10.1016/j.mattod.2024.09.013
10.1016/j.mattod.2024.08.009,Tree-inspired magnesium hybrid column for preventing hip collapse in steroid-associated osteonecrosis in bipedal emus,Haiyue Zu; Lizhen Zheng; Mengke Huo; Kevin Liu; Chris Halling Dreyer; Yuantao Zhang; Xuan He; Ye Li; Li Zou; Le Huang; Xueting Yi; Antonia Rujia Sun; Xiangbo Meng; Keda Shi; Huijuan Cao; Xiaoshui Zu; Wenxue Tong; Dick Hokiu Chow; Xinluan Wang; Yuxiao Lai; Jiankun Xu; Ming Ding; Jian Lu; Ling Qin,2024,11,80,,113-138,,journal-article,,https://doi.org/10.1016/j.mattod.2024.08.009
10.1016/j.mattod.2024.08.004,High-entropy MAX phase with ultrahigh strength and large plasticity mediated by local chemical fluctuations,Zijiao Wu; Xiangyu Zhu; Yaozu Shen; Xiaobin Zong; Yuan Wu; Qingxiao Wang; Jianguo Tang; Zhengqi Wang; Huihui Zhu; Xiaoyuan Yuan; Zhiliang Zhou; Xiongjun Liu; Xiaobin Zhang; Hui Wang; Suihe Jiang; Moon J. Kim; Zhaoping Lu,2024,11,80,,61-73,,journal-article,,https://doi.org/10.1016/j.mattod.2024.08.004
10.1016/j.mattod.2024.08.029,Deformable monoclinic gallium telluride with high in-plane structural anisotropy,Jieling Tan; Hanyi Zhang; Xiaozhe Wang; Yuecun Wang; Jiang-Jing Wang; Hangming Zhang; En Ma; Wei Zhang,2024,11,80,,250-261,,journal-article,,https://doi.org/10.1016/j.mattod.2024.08.029
10.1016/j.mattod.2024.10.004,Pulsed-wave laser additive manufacturing of CrCoNi medium-entropy alloys with high strength and ductility,Shubo Gao; Weiming Ji; Qi Zhu; Asker Jarlöv; Xiaojun Shen; Xueyu Bai; Chenyang Zhu; Yung Zhen Lek; Zhongmin Xiao; Kun Zhou,2024,12,81,,36-46,,journal-article,,https://doi.org/10.1016/j.mattod.2024.10.004
10.1016/j.mattod.2024.10.009,Exceptional strength-ductility synergy in a casting multi-principal element alloy with a hierarchically heterogeneous structure,Qingwei Gao; Zongde Kou; Changshan Zhou; Xiaoming Liu; Jiyao Zhang; Jianhong Gong; Kaikai Song; Lina Hu; Zengqian Liu; Zhefeng Zhang; Jürgen Eckert; Robert O. Ritchie,2024,12,81,,70-83,,journal-article,,https://doi.org/10.1016/j.mattod.2024.10.009
10.1016/j.mattod.2024.11.013,Asynchronous fluorescence and structural color enabling multilevel sensing and encryption,Seonju Lee; Chanho Park; Guangtao Zan; Jin Woo Oh; Jihye Jang; Taebin Kim; Gwanho Kim; HoYeon Kim; Jungwon Yoon; Jioh Yoo; Kaiying Zhao; Seungyun Jo; Junsu Kim; Du Yeol Ryu; Youngjong Kang; Cheolmin Park,2025,1,82,,69-80,,journal-article,,https://doi.org/10.1016/j.mattod.2024.11.013
10.1016/j.mattod.2024.11.014,Harvesting room-temperature plasticity in ceramics by mechanically seeded dislocations,Xufei Fang; Wenjun Lu; Jiawen Zhang; Christian Minnert; Junhua Hou; Sebastian Bruns; Ulrike Kunz; Atsutomo Nakamura; Karsten Durst; Jürgen Rödel,2025,1,82,,81-91,,journal-article,,https://doi.org/10.1016/j.mattod.2024.11.014
10.1016/j.mattod.2024.12.006,Supersonic puncture-healable and impact resistant covalent adaptive networks,Zhen Sang; Hongkyu Eoh; Kailu Xiao; Dmitry Kurouski; Wenpeng Shan; Jinho Hyon; Svetlana A. Sukhishvili; Edwin L. Thomas,2025,3,83,,43-53,,journal-article,,https://doi.org/10.1016/j.mattod.2024.12.006
10.1016/j.mattod.2025.01.010,Solute coupling governed complex behaviours of precipitate/matrix interfaces in Al alloys,Xingpu Zhang; Hui Xing; Huajie Yang; Fei Teng; Ze Zhang; Jiangwei Wang,2025,3,83,,284-294,,journal-article,,https://doi.org/10.1016/j.mattod.2025.01.010
10.1016/j.mattod.2024.12.015,Revolutionizing ion mobility spectrometry: Rapid and cost-efficient manufacturing of drift tubes using additive manufacturing with coaxial filament,Arthur Schiller; Simon Höving; Marc Akermann; Daniel Schwendemann; Joachim Franzke; Sebastian Brandt,2025,3,83,,113-124,,journal-article,,https://doi.org/10.1016/j.mattod.2024.12.015
10.1016/j.mattod.2025.01.004,Achieving the strength and ductility synergy in a steel through nanoprecipitation and its induced grain refinement,Weilin Li; Qingqing Ding; Xiao Wei; Ze Zhang; Hongbin Bei,2025,3,83,,213-222,,journal-article,,https://doi.org/10.1016/j.mattod.2025.01.004
10.1016/j.mattod.2024.12.016,Hybrid additive manufacturing of flexible copper radiofrequency electronics,Abdullah Islam; Zhongxuan Wang; Ted Dabrowski; Kalsi Kwan; Saurabh Khuje; Jian Yu; John D. Williams; Shenqiang Ren,2025,3,83,,125-131,,journal-article,,https://doi.org/10.1016/j.mattod.2024.12.016
10.1016/j.mattod.2025.01.013,Unveiling the contact electrification of triboelectric fibers by exploring their unique micro- and macroscale structural properties,Renwei Cheng; Chuanhui Wei; Chuan Ning; Tianmei Lv; Xiao Peng; Zhong Lin Wang; Kai Dong,2025,3,83,,295-306,,journal-article,,https://doi.org/10.1016/j.mattod.2025.01.013
10.1016/j.mattod.2025.02.001,Phase transition in two-dimensional monolayer (1L)-molybdenum disulfide induced by atomic S-basal plane gliding via synchrotron X-ray monochromatic beam radiation for superior electronic performance,Mayur Chaudhary; Aswin Kumar Anbalagan; Kai-Wei Chuang; Sumayah Shakil Wani; Zi-Liang Yang; Bo-Chao Huang; Shaham Quadir; Chieh-Ting Chen; Ruei-Hong Cyu; Bushra Rehman; Ming-Jin Liu; Ching-Yu Chiang; Li-Chyong Chen; Kuei-Hsien Chen; Peter V. Sushko; Chih-Hao Lee; Ya-Ping Chiu; Yu-Lun Chueh,2025,5,84,,28-38,,journal-article,,https://doi.org/10.1016/j.mattod.2025.02.001
10.1016/j.mattod.2025.02.012,Boosting ammonia electrosynthesis via interfacial tandem nitrate reduction enabled by an amorphous@crystalline electrocatalyst,Zeyu Li; Qing Wang; Lixiang Zhong; Chunshuang Yan; Zichen Shi; Yinggang Ou; Yaru Shang; Chu Zhang; Shengji Tian; Hengjie Liu; Daobin Liu; Pin Song; Zeming Qi; Li Song; Chade Lv,2025,6,85,,49-59,,journal-article,,https://doi.org/10.1016/j.mattod.2025.02.012
10.1016/j.mattod.2025.02.006,Rapid electrical-current-activated sintering achieves robust cladding with uniform nanocrystalline grains,Dechao Zhao; Yihao Wang; Han Chen; Yujing Liu; Junsong Zhang; Litao Ma; Chunliang Yang; Yuchi Cui; Mingliang Wang; Jiwei Geng; Decheng Kong; Xinyu Zhang; Youjie Guo; Zijue Tang; Chengyi Dan; Cheng Man; Zhe Chen; Haowei Wang; Tomiko Yamaguchi; Evan Ma,2025,6,85,,17-26,,journal-article,,https://doi.org/10.1016/j.mattod.2025.02.006
10.1016/j.mattod.2025.03.032,How amorphous CoOx(OH)y-Pd nanocomposite endows high performance and durability in methanol oxidation reaction,Zhao Yang; Tianqi Guo; Qi Hu; Juzhe Liu; Xiangyu Chen; Yu Wang; Li-Min Liu; Zhongchang Wang; Lin Guo,2025,7,86,,255-266,,journal-article,,https://doi.org/10.1016/j.mattod.2025.03.032
10.1016/j.mattod.2025.03.029,High voltage stable LiCoO2 enabled by surface strengthening and bulk doping,Si-Dong Zhang; Jun Wang; Nicholas S. Grundish; Yongxin Cheng; Mu-Yao Qi; Sijie Guo; Yutao Li; An-Min Cao,2025,7,86,,238-246,,journal-article,,https://doi.org/10.1016/j.mattod.2025.03.029
10.1016/j.mattod.2025.03.023,Unveiling the structural transformations in glassy solid electrolyte adapted to high-stress cycles,Sergiy Kalnaus; Guang Yang; Erik G. Herbert; Andrew S. Westover,2025,7,86,,580-587,,journal-article,,https://doi.org/10.1016/j.mattod.2025.03.023
10.1016/j.mattod.2025.03.025,New block copolymers to form nanofibers with superior mechanical properties and to conjugate signaling molecules directing tissue regeneration,Tongqing Zhou; Rafael C. Cavalcante; Peter X. Ma,2025,7,86,,210-227,,journal-article,,https://doi.org/10.1016/j.mattod.2025.03.025
10.1016/j.mattod.2025.03.020,Mo-terminated edges in two-dimensional molybdenum disulfide for site-specific hydrolysis and DNA cleavage,Cong Wang; Menghan Wu; Muqing Li; Yingcan Zhao; Mingchuang Zhao; Yunhao Zhang; Yichao Bai; Jianxiang Gao; Xiaoxia Wang; Xilin Tian; Han Zhang; Liang Chang; Xiaolong Zou; Bilu Liu; Feiyu Kang; Mauricio Terrones; Yu Lei,2025,7,86,,162-171,,journal-article,,https://doi.org/10.1016/j.mattod.2025.03.020
10.1016/j.mattod.2025.03.017,Semiconductor-compatible topological digital alloys,Yunfan Liang; Damien West; Shunda Chen; Jifeng Liu; Tianshu Li; Shengbai Zhang,2025,7,86,,115-125,,journal-article,,https://doi.org/10.1016/j.mattod.2025.03.017
10.1016/j.mattod.2025.03.016,Selective nitrogen reduction reaction on single-atom centers of molybdenum-based MXenes by pulsing the electrochemical potential,Diwakar Singh; Samad Razzaq; Shohreh Faridi; Kai S. Exner,2025,7,86,,575-579,,journal-article,,https://doi.org/10.1016/j.mattod.2025.03.016
10.1016/j.mattod.2025.04.014,Sequential hardening mechanisms in additive-manufactured NiTi shape memory alloys that can significantly delay compressive failure,Huwen Ma; Yanchun Zhao; Junhui Luo; Yu Su; Tengfei Zheng; Zhiqi Yu; Yuan Wu; Yanfei Gao,2025,8,87,,36-48,,journal-article,,https://doi.org/10.1016/j.mattod.2025.04.014
10.1016/j.mattod.2025.05.014,High strain rate compressive deformation behavior of nickel microparticles,Bárbara Bellón; Lalith Kumar Bhaskar; Tobias Brink; Raquel Aymerich-Armengol; Dipali Sonawane; Dominique Chatain; Gerhard Dehm; Rajaprakash Ramachandramoorthy,2025,8,87,,90-102,,journal-article,,https://doi.org/10.1016/j.mattod.2025.05.014
10.1016/j.mattod.2025.06.023,Challenges and strategies for constructing stable aluminum metal anodes in rechargeable aluminum-ion batteries,Jiaqiang Yu; Dengke Wang; Danyang Zhao; Wenming Zhang; Qiancheng Zhu,2025,9,88,,888-905,,journal-article,,https://doi.org/10.1016/j.mattod.2025.06.023
10.1016/j.mattod.2025.06.017,"MXene-based electrocatalysts for lithium-sulfur, sodium-sulfur, magnesium-sulfur and aluminum-sulfur batteries",Yuan Li; Zhiwei Ni; Zhengran Wang; Kangdong Tian; Shenglin Xiong; Jinkui Feng,2025,9,88,,814-838,,journal-article,,https://doi.org/10.1016/j.mattod.2025.06.017
10.1016/j.mattod.2025.07.004,Endowing magnesium single atoms with record-high catalytic performance in dimethyl carbonate synthesis by regulating coordination environment,Xiang-Bin Shao; Hao-Cheng Xu; Sai Liu; Zhi-Wei Xing; Yang Wang; Kai Zhang; Song-Song Peng; Peng Tan; Lin-Bing Sun,2025,9,88,,348-354,,journal-article,,https://doi.org/10.1016/j.mattod.2025.07.004
10.1016/j.mattod.2025.06.010,Revolutionizing fiber materials for space: Multi-scale interface engineering unlocks new aerospace frontiers,Zhicheng Shi; Zihui Liang; Zhiyu Huang; Annan He; Sijie Qiao; Aixin Tong; Yu Zhang; Yuxin Luo; Mengqi Wang; Jun He; Binhao Wang; Jiaxin Wang; Tao Ye; Jin Qian; Chao Xu; Fengxiang Chen; Shujian Sun; Kai Wang; Weilin Xu,2025,9,88,,643-704,,journal-article,,https://doi.org/10.1016/j.mattod.2025.06.010
10.1016/j.mattod.2025.06.008,A liquid copper strategy for wafer-scale single-crystalline hexagonal boron nitride with tunable thickness,Xin Zhang; Mingjin Dai; You Wu; Yunxia Hu; Qinghe Wang; Shuai Wang; Huiming Shang; Biying Tan; Zhen Su; Yanan Ding; Kaihui Liu; Yongqing Fu; Jinzhong Wang; PingAn Hu; Dechang Jia; Yu Zhou; Linben Ling; Xiaolei Chen,2025,9,88,,168-177,,journal-article,,https://doi.org/10.1016/j.mattod.2025.06.008
10.1016/j.mattod.2025.05.017,Negative mixing enthalpy route guides strong and ductile soft magnetic high-entropy alloys with high saturation magnetization,Shang Zhao; Mingliang Wang; Xiaodong Han; Zeyu Ding; Huan Wang; Peter K. Liaw; Yusheng Wang; Yiping Lu,2025,9,88,,45-54,,journal-article,,https://doi.org/10.1016/j.mattod.2025.05.017
10.1016/j.mattod.2025.06.031,Additive manufacturing metallurgy guided machine learning design of versatile alloys,Jinlong Su; Lequn Chen; Steven Van Petegem; Fulin Jiang; Qinzhi Li; Junhua Luan; Swee Leong Sing; Jian Wang; Chaolin Tan,2025,9,88,,240-250,,journal-article,,https://doi.org/10.1016/j.mattod.2025.06.031
10.1016/j.mattod.2025.06.007,"Solid-state methods for ceramic metallization: Unlocking structural complexity, quantum effects, and multifunctionality",S. Romankov; Y.C. Park; R.Y. Umetsu; S.V. Komarov; D.V. Louzguine‑Luzgin,2025,9,88,,155-167,,journal-article,,https://doi.org/10.1016/j.mattod.2025.06.007
10.1016/j.mattod.2025.06.033,Closed-loop inverse design of high entropy alloys using symbolic regression-oriented optimization,Shang Zhao; Jinshan Li; Jun Wang; Turab Lookman; Ruihao Yuan,2025,9,88,,263-271,,journal-article,,https://doi.org/10.1016/j.mattod.2025.06.033
10.1016/j.mattod.2025.05.022,Nanotwinned precipitates induced ultra-strong AlCoCrFeNi2.1 eutectic high-entropy alloy through additive manufacturing,Lin Zhou; Fenghui Duan; Yinghao Zhou; Xiangren Bai; Zhihao Jiang; Tianshui Zhou; Qian Li; Hengwei Luan; Gan Li; Junhua Luan; Xuliang Chen; Annan Chen; Ying Li; Xu Wang; Tao Yang; Jian Lu,2025,9,88,,99-108,,journal-article,,https://doi.org/10.1016/j.mattod.2025.05.022
10.1016/j.mattod.2025.08.012,Local structural distortion and energy gradient enhance lithium ionic conductivity in high-entropy oxide,Qingyuan Li; Hsin-Pei Ho; Zhipeng Zeng; Wei Li; Qingsong Wang; Kang Dong; Karnpiwat Tantratian; Lei Chen; Gwenaelle Rousse; Xiner Lu; Kai He; Yan Chen; Nhat Anh Thieu; Shaoshuai Chen; Xiujuan Chen; Dawei Zhang; Hanchen Tian; Yi Wang; Liang Ma; Matthew Frost; Ke An; Shanshan Hu; Wenyuan Li; Ingo Manke; Jian Luo; Jeng-Han Wang; Xingbo Liu,2025,10,89,,26-34,,journal-article,,https://doi.org/10.1016/j.mattod.2025.08.012
10.1016/j.mattod.2025.08.002,Pressure-driven density match nucleates metastable r8 phases from amorphous Si and Ge,Bianca Haberl; Malcolm Guthrie; Gang Seob Jung; Leonardus B. Bayu Aji; Jamie J. Molaison; Guoyin Shen; Stephan Irle; Jodie E. Bradby,2025,10,89,,140-149,,journal-article,,https://doi.org/10.1016/j.mattod.2025.08.002
10.1016/j.mattod.2025.08.001,Covalency modulation in Co-free high entropy cathodes for enhanced stability and performance in sodium-ion batteries,Akanksha Joshi; Mia Ramos; Sri Harsha Akella; Khorsed Alam; Roman R. Kapaev; Sankalpita Chakrabarty; Nicole Leifer; Ananya Maddegalla; Yuri Mikhlin; Doron Aurbach; Dan Thomas Major; Malachi Noked,2025,10,89,,12-25,,journal-article,,https://doi.org/10.1016/j.mattod.2025.08.001
10.1016/j.mattod.2025.09.001,A multifunctional magnesium-infused hydrogel for precise neutrophil elimination and accelerated bone repair,Ze Lin; Pengzhen Bu; Lizhi Ouyang; Jiewen Liao; Chuanlu Lin; Yuan Xiong; Ruiyin Zeng; Kangkang Zha; Xudong Xie; Zhenghe Zhang; Weixian Hu; Wu Zhou; Yun Sun; Qian Feng; Guohui Liu; Yanli Zhao; Bobin Mi,2025,11,90,,154-168,,journal-article,,https://doi.org/10.1016/j.mattod.2025.09.001
10.1016/j.mattod.2025.08.031,Plasma-mediated polarity modulation in 2D ReS2 memristors for bio-inspired cascaded memristive architecture with stability-plasticity synergy,Anqi Cheng; Zirun Li; Feihong Huang; Yuxiang Zhang; Chunmiao Zhang; Feiya Xu; Xuanli Zheng; Xu Li; Zhiming Wu; Yaping Wu; Junyong Kang,2025,11,90,,124-131,,journal-article,,https://doi.org/10.1016/j.mattod.2025.08.031
10.1016/j.mattod.2025.09.013,Electric field-induced anomalous structural dynamics of nanodomains in BaTiO3-based relaxor ferroelectric thin films,Tae Yeon Kim; Gopinathan Anoop; Hyeon Jun Lee; Sanjith Unithrattil; JeOh Choi; Wooseon Choi; Jaegyu Kim; Jacob A. Zorn; Jiwon Yeom; Seong Min Park; HyunJin Joh; Su Yong Lee; Yasuhiko Imai; Seungbum Hong; Young-Min Kim; Long-Qing Chen; Hu Young Jeong; Ji Young Jo,2025,11,90,,232-240,,journal-article,,https://doi.org/10.1016/j.mattod.2025.09.013
10.1016/j.mattod.2025.09.008,Giant linear elasticity with exceptional energy storage capacity in bulk multicomponent alloys,Chao Song; Chao Wang; Bin Chen; Haiyang Chen; Tao Yin; Zaifeng Zhou; Yurong Niu; Yadong Wang; Liying Sun; Zhihua Nie; Shijie Hao; Yandong Wang; Daoyong Cong,2025,11,90,,207-215,,journal-article,,https://doi.org/10.1016/j.mattod.2025.09.008
10.1016/j.mattod.2025.09.017,A critical review on medium- and high-entropy thermoelectric alloys,Rong-Chun Chen; Xiao-Lei Shi; Hui-Jun Kang; En-Yu Guo; Zong-Ning Chen; Yi-Ping Lu; Tong-Min Wang; Zhi-Gang Chen,2025,11,90,,815-837,,journal-article,,https://doi.org/10.1016/j.mattod.2025.09.017
10.1016/j.mattod.2025.10.016,Concrete: From infrastructure to structural energy storage,Pan Feng; Zhaolong Liu; Long Yuan; Xin Liu; Ruidan Liu; Guanghui Tao; Zhenqi Yu; Xiangyu Meng; Jian Chen; Qianping Ran; Jinxiang Hong; Changwen Miao; Yang Lu; Jiaping Liu,2025,12,91,,364-374,,journal-article,,https://doi.org/10.1016/j.mattod.2025.10.016
10.1016/j.mattod.2025.11.014,Achieving high strength and ductility in optoelectronic semiconductor,Xiaobin Feng; Min Huang; Bo Duan; Luoqi Wu; Zhongtao Lu; Xiege Huang; Yixuan Ding; Pengcheng Zhai; Guodong Li; Qingjie Zhang,2025,12,91,,224-231,,journal-article,,https://doi.org/10.1016/j.mattod.2025.11.014
10.1016/j.mattod.2025.12.027,High-throughput development of flexible amorphous materials showing large anomalous Nernst effect via automatic annealing and thermoelectric imaging,Sang J. Park; Ravi Gautam; Abdulkareem Alasli; Takamasa Hirai; Fuyuki Ando; Hosei Nagano; Hossein Sepehri-Amin; Ken-ichi Uchida,2026,1,92,,416-424,,journal-article,,https://doi.org/10.1016/j.mattod.2025.12.027
10.1016/j.mattod.2025.11.033,Revitalizing multifunctionality of Li-Al-O system enabling mother-powder-free sintering of garnet-type solid electrolytes,Hwa-Jung Kim; Jong Hoon Kim; Minseo Choi; Jung Hyun Kim; Hosun Shin; Ki Chang Kwon; Sun Hwa Park; Hyun Min Park; Seokhee Lee; Young Heon Kim; Hyeokjun Park; Seung-Wook Baek,2026,1,92,,151-159,,journal-article,,https://doi.org/10.1016/j.mattod.2025.11.033
10.1016/j.mattod.2025.12.033,Feasibility of high-entropy ceramics as next-generation dry-machining tools,Long Zhao; Jialin Sun; Mingdong Yi; Xiao Li; Jun Zhao,2026,1,92,,436-452,,journal-article,,https://doi.org/10.1016/j.mattod.2025.12.033
10.1016/j.mattod.2025.11.030,Distinct lattice distortion role in high entropy diboride ceramics,Yong Wang; Jingru Xu; Baishan Chen; Nan Lin; Weidong Zhang; Fei Peng; Min Song; Shijun Zhao; Zhenggang Wu,2026,1,92,,115-125,,journal-article,,https://doi.org/10.1016/j.mattod.2025.11.030
10.1016/j.mattod.2025.12.002,Unprecedently radiation-tolerant Al alloys via vacancy-mediated anomalous solid-state phase transformation,Shenghua Wu; Bin Chen; Xuezhou Wang; Fuzhu Liu; Hang Xue; Chong Yang; Peng Zhang; Jinyu Zhang; Yuqing Wang; Shengwu Guo; Yong Peng; Gang Liu; Yanjun Li; Alexis Deschamps; Jijun Yang; Guang Ran; Anmin Nie; Jun Sun,2026,1,92,,215-225,,journal-article,,https://doi.org/10.1016/j.mattod.2025.12.002
10.1016/j.mattod.2025.11.015,Stainless magnesium alloy based on self-healing amorphous surface,Yuyang Chen; Yao Liu; Tao Ying; Yao Yang; Jingya Wang; Xinchen Xu; Zhao Shen; Yangxin Li; Dong Qiu; Hong Zhu; Jianbo Wu; Gaoming Zhu; Fuyong Cao; Wenjiang Ding; Xiaoqin Zeng,2026,1,92,,35-43,,journal-article,,https://doi.org/10.1016/j.mattod.2025.11.015
10.1016/j.mattod.2025.11.038,Programmable fracture toughness in architected mechanical metamaterials,Tomoki Omura; Masahiro Kato; Masataka Abe; Takashi Sumigawa,2026,1,92,,173-183,,journal-article,,https://doi.org/10.1016/j.mattod.2025.11.038
10.1016/j.mattod.2025.11.022,Infrared-driven high-entropy perovskites for efficient nitrate-to-ammonia conversion via B-site engineering,Seongbo Lee; Jayaraman Theerthagiri; Shih-Huang Pan; Jyh-Chiang Jiang; Myong Yong Choi,2026,1,92,,44-60,,journal-article,,https://doi.org/10.1016/j.mattod.2025.11.022
10.1016/j.mattod.2025.12.013,Honey-inspired thermally hysteretic adhesives for high strength and reversible underwater adhesion,Xinlong Li; Wanshan Gao; Hao Zheng; Zhiyun Dong; Xiaoyu Huang; Hanjiao Chen; Hong Chen; Jiaojiao Yang; Jun Luo; Jianshu Li,2026,1,92,,326-338,,journal-article,,https://doi.org/10.1016/j.mattod.2025.12.013
10.1016/j.mattod.2025.11.039,"Biomimetic additive manufacturing tactile sensing systems: mechanisms, materials, techniques, and prospects",Jiacheng Wen; Bingqian Li; Lei Ren; Kunyang Wang; Yongjing Cao; Luquan Ren,2026,1,92,,711-750,,journal-article,,https://doi.org/10.1016/j.mattod.2025.11.039
10.1016/j.mattod.2026.103195,High-index faceted high-entropy-alloy atomic layers with tailored active sites for enhanced catalytic performance,Han-Wei Fang; Liang-Yu Hou; Chong-Chi Chi; Cheng-Yu Wu; Chia-Ying Wu; Chun-Wei Chang; Jui-Tai Lin; Shang-Cheng Lin; Zong Ying He; Yi Chen; Chia-Shuo Hsu; Chih-Wen Pao; Ming-Yen Lu; Kun-Han Lin; Tung-Han Yang,2026,3,93,,103195,103195,journal-article,,https://doi.org/10.1016/j.mattod.2026.103195
10.1016/j.mattod.2026.103217,"Advanced amorphous materials for aqueous Zn-ion batteries: mechanisms, design, and future perspectives",Quan Zong; Keyi Chen; Xuelian Liu; Zejie Zhu; Gongxun Bai; Qiaoling Kang; Shuang Zhou; Qilong Zhang; Guoying Wei; Anqiang Pan,2026,3,93,,103217,103217,journal-article,,https://doi.org/10.1016/j.mattod.2026.103217
10.1016/j.mattod.2026.103187,Putting fatigue to rest via solute-pinned boundaries,Manish Jain; Daniel Vizoso; Alejandro Hinojos; Alejandro Barrios; Kyle R. Dorman; Yichen Yang; David Adams; Khalid Hattar; Doug L. Medlin; Olivier Pierron; Rémi Dingreville; Brad L. Boyce,2026,3,93,,103187,103187,journal-article,,https://doi.org/10.1016/j.mattod.2026.103187
10.1016/j.mattod.2026.103192,Tuning crystal field stabilization energy through configurational entropy design in high-entropy oxide sodium-ion battery cathodes,Yuchen Zhou; Zhenjiang Yu; Baixue Ouyang; Yanle Yuan; Yang Wang; Feilong Qin; Chunwu Lei; Yaoyu Yang; Weifang Liu; Fanghua Ning; Kaiyu Liu; Tao Chen,2026,3,93,,103192,103192,journal-article,,https://doi.org/10.1016/j.mattod.2026.103192
10.1016/j.mattod.2026.103207,"Enhanced strength and plasticity with high thermoelectric performance in Mg3(Sb, Bi)2 by microstructure design",Lifeng Jiang; Shuyue Tan; Tongzheng Xin; Peng Xie; Shuyan Shi; Donghu Zhou; Jiehe Sui; Shijian Zheng; Zongning Chen; Enyu Guo; Rongchun Chen; Huijun Kang; Ming Liu; Yuan Yu; Tongmin Wang,2026,3,93,,103207,103207,journal-article,,https://doi.org/10.1016/j.mattod.2026.103207
10.1016/j.mattod.2026.103288,Bioinspired alternating rigid-soft layered design enhances structural–functional-electrochemical integrated cement-based batteries toward zero–carbon buildings,WenMiao Zhao; Shuai Xiao; Jiarui Xing; Chenchen Xiong; Shengjun Chen; Peiqi Zheng; Peng Wang; Long Pan; Yang Zhou,2026,6,95,,103288,103288,journal-article,,https://doi.org/10.1016/j.mattod.2026.103288
10.1016/j.mattod.2026.103268,Deformation behaviors of dislocation cellular structures in alloys produced by additive manufacturing,Jinqiao Liu; Hao Wang; Ranming Niu; Chuanxi Ren; Kevin Sisco; Ying Liu; Zibin Chen; Julie Cairney; Yiu-Wing Mai; Simon Ringer; Xiaozhou Liao,2026,6,95,,103268,103268,journal-article,,https://doi.org/10.1016/j.mattod.2026.103268
10.1016/j.mattod.2026.103271,Grain boundary topology engineering enables crack-free additive manufacturing of tungsten,Mingshen Li; Renguang Liu; Andrew Godfrey; Yiming Niu; Shuyan Zhong; Menghan Ma; Yubin Lan; Jinhan Chen; Kailun Li; Wenjing Zhang; Wei Liu; Xiaoxu Huang; Huajian Gao,2026,6,95,,103271,103271,journal-article,,https://doi.org/10.1016/j.mattod.2026.103271
10.1016/j.mattod.2026.103280,"Ultrafine CoCrCuFeNi high entropy alloy thin films with high strength, plastic deformability and thermal stability achieved via grain engineering and nanoclustering",Davide Vacirca; Francesco Bignoli; Andrea Li Bassi; Yuting Dai; Ali Ahmadian; Gregory Abadias; Philippe Djemia; Gerhard Dehm; James P. Best; Matteo Ghidelli,2026,6,95,,103280,103280,journal-article,,https://doi.org/10.1016/j.mattod.2026.103280
10.1016/j.mattod.2026.103267,3-D printed ultrastrong heat-resistant aluminum alloy achieved by bioinspired nanoscale amorphous confinement,Mingxi Li; Maowen Liu; Guodong Li; Zengqian Liu; Fei Fang; Chaoli Ma; Zhefeng Zhang; Robert O. Ritchie; Ruixiao Zheng,2026,6,95,,103267,103267,journal-article,,https://doi.org/10.1016/j.mattod.2026.103267
10.1016/j.mattod.2026.103279,Inverse temperature-dependent toughness and exceptional cryogenic damage tolerance in a plain bcc steel,Xiaoning Xu; Punit Kumar; David H. Cook; Qibin Ye; Binxing Wang; Yuexin Chu; Yong Tian; Yi Li; Robert O. Ritchie,2026,6,95,,103279,103279,journal-article,,https://doi.org/10.1016/j.mattod.2026.103279
10.1016/j.mattod.2026.103329,Ultra-strong and ductile low-alloy titanium by additive manufacturing,Chuanxi Ren; Hao Wang; Xiangyuan Cui; Jinjin Guo; Hansheng Chen; Zizheng Song; Hengchao Shi; Yating Ran; Chunjin Wang; Chi Fai Cheung; Hongwei Liu; Kang Cheung Chan; Xiaozhou Liao; Ting Zhu; Dengke Chen; Simon P. Ringer; Zibin Chen,2026,7,96,,103329,103329,journal-article,,https://doi.org/10.1016/j.mattod.2026.103329
10.1016/j.mattod.2026.103302,Double-negative-index ceramic aerogels featuring a multiscale structural design for thermal superinsulation at extreme conditions,Xin Long; Jianan Qin; Lichun Zhou; Longfei Li; Yu Wang; Jubo Tang; Xiongbang Wei; Ying Lin; Jiaxuan Liao,2026,7,96,,103302,103302,journal-article,,https://doi.org/10.1016/j.mattod.2026.103302
