doi,title,authors,date,url,article_type,open_access,description,source,volume,issue,section
10.1038/s41467-026-71390-3,Intrinsic attraction driving the high temperature performance of additively manufactured aluminum alloys,Yueting Wang; Chengzhe Yu; Ruidi Li,2026-04-07,https://www.nature.com/articles/s41467-026-71390-3,,Yes,"This study introduces an intrinsic attraction strategy to enhance the high-temperature performance of additively manufactured aluminum alloys. By confining atomic defects and stabilizing precipitates, the alloy retains 305 MPa at 300 °C with creep resistance up to 400 °C.",Nature Communications,,,
10.1038/s41467-026-70838-w,Increasing fatigue resistance in ordered intermetallic alloys with multi-element symbiosis,Qian Li; Lijun Jing; Tao Yang,2026-03-18,https://www.nature.com/articles/s41467-026-70838-w,,Yes,"Leveraging multi-element symbiosis, protective interfacial nanolayers are engineered in an intermetallic alloy. This results in a high fatigue limit of ~1,100 MPa, far exceeding that of conventional intermetallic alloys.",Nature Communications,,,
10.1038/s41467-026-70841-1,Atomic-scale strain waves for stronger and more ductile lightweight steels,Qiankun Yang; Weisong Wu; Zhiming Li,2026-03-17,https://www.nature.com/articles/s41467-026-70841-1,,Yes,"High-strength lightweight steels are vital for saving energy and enhancing safety in engineering applications. Here, the authors tune atomic-scale strain waves in a steel alloy to expand dislocation storage capacity, significantly enhancing strength-ductility synergy.",Nature Communications,,,
10.1038/s41467-026-68891-6,A magnetically soft yet mechanically strong and ductile Ta free CoFeNi high entropy alloy with Al and Ti additions,Sudip Kumar Sarkar; Nachiket Keskar; Rajarshi Banerjee,2026-02-05,https://www.nature.com/articles/s41467-026-68891-6,,Yes,"High torque, high frequency, electrical motors require soft magnetic materials with&#xa0;low coercivity and high strength, often relying on rare earth elements like Ta&#xa0;in CoFeNi based alloys. Here, a processing pathway for two Ta-free CoFeNi-based alloys is described, with enhanced properties driven through hierarchical multiphase precipitation.",Nature Communications,,,
10.1038/s41467-025-67683-8,Harnessing strengthening-metastability synergy for extreme work hardening in additively manufactured titanium alloys,Xuliang Chen; Youneng Xie; Jian Lu,2026-01-05,https://www.nature.com/articles/s41467-025-67683-8,,Yes,"A new AM titanium alloy design tailors the metastability-strengthening synergy and achieves high yield strength with enhanced work hardening and ductility by leveraging a complete, sequential martensitic transformation pathway.",Nature Communications,,,
10.1038/s41467-025-67684-7,Nanoscale multi-gradient ordered architectures driven exceptional strength and ductility in low thermal expansion magnesium alloy,Yuhang Hai; Kaijie Gu; Bin Jiang,2025-12-19,https://www.nature.com/articles/s41467-025-67684-7,,Yes,"This work demonstrates that stress-coupled atomic ordering at nanoscale Mn–Al–B interfaces will convert brittle boundaries into energy-absorbing zones, explaining the unusual coexistence of high strength, ductility, and low thermal expansion in magnesium alloys.",Nature Communications,,,
10.1038/s41467-025-65851-4,Oxygen-mediated high uniform plasticity in α-β titanium alloys,Yahui Yang; Xiuxia Wang; Jianghua Shen,2025-12-02,https://www.nature.com/articles/s41467-025-65851-4,,Yes,"This work transforms oxygen from an embrittling contaminant into a key asset in titanium alloys, simultaneously overcoming the strength-ductility trade-off and oxygen embrittlement.",Nature Communications,,,
10.1038/s41467-025-65379-7,Hyper-Range Amorphization Unlocks Superior Damage Tolerance in Alloys,Jinliang Du; Shukuan Guo; Ying Li,2025-11-24,https://www.nature.com/articles/s41467-025-65379-7,,Yes,"This study shows that strain-training can extend amorphization from the nanoscale to the micrometer scale in multi-principal element alloys, replacing shear-dominated failure and achieving exceptional strength and ductility.",Nature Communications,,,
10.1038/s41467-025-65033-2,Achieving high strain hardening and strength in an additively manufactured titanium alloy,Huizhi Peng; Yuman Zhu; Aijun Huang,2025-11-20,https://www.nature.com/articles/s41467-025-65033-2,,Yes,"The authors employ a 3D printing technique to induce a triple-twinned martensitic microstructure in a commercial titanium alloy, achieving both high strength and enhanced strain hardening.",Nature Communications,,,
10.1126/sciadv.aea0430,Bio-inspired material-structure-function integrated additive manufacturing of Al-based metamaterials with surpassing energy absorption,Xi He; Gan Li; Lei Zhang; Yuhe Huang; Bingyu Xie; Zhifang Shi; Guanghui Feng; Wenbin Liu (+9 more),2025-11-14,https://doi.org/10.1126/sciadv.aea0430,journal-article,,"
                    Additively manufactured mechanical metamaterials exhibit extraordinary physical and mechanical performance. However, achieving a balance between lightweight design, strength, and energy absorption remains challenging. Here, we develop a material-structure-function integrated strategy to additively manufacture lightweight metamaterials. Specifically, strong yet ductile aluminum (Al) alloy with heterogeneous grain was developed to print hero shrew–inspired damage-resistant metamaterials. The synergistic interplay between microscale strengthening and mesoscale architectural s",Science Advances,11,46,
10.1038/s41467-025-64871-4,Unveiling the mechanisms of strength–ductility synergy in an additively manufactured nanolamellar high-entropy alloy,Shubo Gao; Weiming Ji; Kun Zhou,2025-11-11,https://www.nature.com/articles/s41467-025-64871-4,,Yes,"Metals are often either strong or ductile, but rarely both. Here, the authors demonstrate how 3D printing integrates multiple mechanisms in a high-entropy alloy to achieve strength–ductility synergy.",Nature Communications,,,
10.1126/sciadv.aea1910,Speciation atlas of polyoxometalates in aqueous solution (Part II): Molybdenum browns,Ingrid Gregorovic; Nadiia I. Gumerova; Annette Rompel,2025-10-31,https://doi.org/10.1126/sciadv.aea1910,journal-article,,"
                    We present a validated, openly accessible workflow and spectral database charting the solution speciation of molybdenum browns. These redox-active polyoxometalates are central to catalysis and increasingly explored for bioinspired transformations and nanomedicine, making their solution behavior critical for both mechanistic understanding and practical use. Two archetypal Keplerate-type polyoxometalates, {Mo
                    72
                    V
                    30
                    } and {W
                    72
                    V
                    30
   ",Science Advances,11,44,
10.1126/sciadv.aeb7908,Alloys with an exceptional combination of strength and ductility,En Ma,2025-10-03,https://doi.org/10.1126/sciadv.aeb7908,journal-article,,"Intelligently designed complex concentrated alloys achieve yield strength rivaling ultrahigh-strength steel and tensile ductility akin to unhardened elemental metal, synergistically reaching both coveted properties.",Science Advances,11,40,
10.1126/sciadv.ady0937,Naturally high fatigue performance of a 3D printing titanium alloy across all stress ratios,Zhan Qu; Zhenjun Zhang; Rui Liu; Zhefeng Zhang,2025-08-22,https://doi.org/10.1126/sciadv.ady0937,journal-article,,"Three-dimensional printing of structural materials, namely, additive manufacturing (AM), has notable advantages in fabricating structurally complex engineering components. These complex components usually endure comprehensive fatigue examination due to their complex stress distribution with varying stress ratios during service. Therefore, it is important to ensure the fatigue reliability of additive manufactured materials across all stress ratios. We found that the AM microstructure itself in a Ti-6Al-4V alloy successfully synthesizes the tripartite advantages of fine prior β grain boundaries,",Science Advances,11,34,
10.1126/sciadv.adv2820,Scalable metasurface-enhanced supercool cement,Guo Lu; Fengyin Du; Zhen Wang; Feilong Wu; Wenqiang Zuo; Xiaohang Xu; Zhangyu Wu; Chang Liu (+8 more),2025-08-22,https://doi.org/10.1126/sciadv.adv2820,journal-article,,"Structural materials with the capability for passive daytime radiative cooling (PDRC) show promise for the sustainable cooling of buildings. However, developing durable PDRC structural materials with optical robustness, ease of deployment, and scalability remain a challenge for civil engineering applications. We synthesized a metasurface-enhanced cooling cement using a universal, scalable pressure-driven fabrication strategy during a low-carbon production process. The self-assembly of multiple-sized reflective ettringites as main hydration products toward the metasurface, coupled with hierarch",Science Advances,11,34,
10.1038/s41467-025-62646-5,Trifunctional local-range order oxygen structure enhanced strength-ductility and fatigue resistance in large-scale metastable titanium alloy,Yamei Mao; Qinyang Zhao; Yongqing Zhao,2025-08-04,https://www.nature.com/articles/s41467-025-62646-5,,Yes,"The authors demonstrate how interstitial oxygen can be used to tailor nanoscale structures in a Ti alloy, using a powder metallurgy technique, to prevent crack initiation and enhance strength.",Nature Communications,,,
10.1126/sciadv.ady0183,"A superstrong, decarbonizing structural material enabled by microbe-assisted cell wall engineering via a biomechanochemical process",Ziyang Lu; Luhe Qi; Junqing Chen; Cai Lu; Jing Huang; Lu Chen; Yuying Wu; Jiahao Feng (+4 more),2025-07-25,https://doi.org/10.1126/sciadv.ady0183,journal-article,,"Lightweight and high-strength structural materials promise exceptional applications in advanced engineering fields. As a productive and sustainable material, wood exhibits exceptional potential to be converted into high-performance structural materials. Inspired by ancient buried wood—a naturally formed material after wood endures in microbial-rich and high-pressure environments for thousands of years—here, we demonstrate a biomechanochemical process to rapidly transform natural wood into artificial ancient buried wood (named Bio-Strong-Wood). Biotreatment depolymerizes the lignin and softens ",Science Advances,11,30,
10.1126/sciadv.adu7566,Ultrastrong and ductile precipitation-hardened alloy via high antiphase boundary energy,Shuai Dai; Yunzhu Shi; Junyang He; Jie Hou; Fei Zhang; Zhenggang Wu; Chao Ma; Shaofei Liu (+6 more),2025-07-18,https://doi.org/10.1126/sciadv.adu7566,journal-article,,"
            Coherent precipitation-hardened alloys often struggle to achieve both ultrahigh strength and exceptional ductility due to their limited resistance to dislocation motion and vulnerability to glide plane softening. Here, we tackle these challenges by introducing multicomponent precipitates with much increased antiphase boundary (APB) energy. In a model Ni
            3
            Al-type (L1
            2
            ) precipitation-hardened face-centered cubic (FCC) NiCo-based alloy, we incorporate multiple elements at the Al sublattice sites within the precipitates, reducing anti",Science Advances,11,29,
10.1126/sciadv.adw0500,Supramolecular hydrogel actuators with reprogrammable magnetic orientation by locally mediated viscoelasticity and pinning force,Chuan Wei Zhang; Xing Peng Hao; Weifeng Zou; Zhixin Zhu; Jia Yu Hu; Li Xin Hou; Si Rui Xu; Zhen Luo (+8 more),2025-06-27,https://doi.org/10.1126/sciadv.adw0500,journal-article,,"
            Magnetic soft actuators with reprogrammable deformations have gained substantial attention due to their adaptability for various applications. However, achieving precise and local reorientation of magnetic particles remains challenging. Here, we present a strategy to locally tailor the viscoelasticity of magnetic supramolecular hydrogels, facilitate reorientation of the embedded magnetic particles, and enable reprogrammable magnetoactuated deformation and locomotion of the composite gels. The magnetic hydrogels are facilely prepared by mixing neodymium-iron-boron particles with an",Science Advances,11,26,
10.1038/s41467-025-60346-8,Overcoming the trade-off between conductivity and strength in copper alloys through undercooling,Bowen Zhang; Pingda Xu; Fuping Dai,2025-05-29,https://www.nature.com/articles/s41467-025-60346-8,,Yes,"Copper alloys with high strength and conductivity are essential for modern industries. Here, the authors find an approach to enhance the conductivity of Cu-Be alloys by inducing spherical Be-rich clusters through deep undercooling.",Nature Communications,,,
10.1038/s41467-025-59720-3,Large thermoelastic effect in martensitic phase of ferroelastic alloys for high efficiency heat pumping,Qiao Li; Zhongzheng Deng; Qingping Sun,2025-05-15,https://www.nature.com/articles/s41467-025-59720-3,,Yes,"The authors discover a large caloric effect generated by pure elastic deformation in martensitic alloys, offering a strategy for ecofriendly and energy-efficient heat pumping.",Nature Communications,,,
10.1126/sciadv.ads0724,Ferroelectric tunnel junctions integrated on semiconductors with enhanced fatigue resistance,Ningchong Zheng; Jiayi Li; Haoying Sun; Yipeng Zang; Peijie Jiao; Cong Shen; Xingyu Jiang; Yidong Xia (+4 more),2025-04-11,https://doi.org/10.1126/sciadv.ads0724,journal-article,,"
            Oxide-based ferroelectric tunnel junctions (FTJs) show promise for nonvolatile memory and neuromorphic applications, making their integration with existing semiconductor technologies highly desirable. Furthermore, resistance fatigue in current silicon-based integration remains a critical issue. Understanding this fatigue mechanism in semiconductor-integrated FTJ is essential yet unresolved. Here, we systematically investigate the fatigue performance of ultrathin bismuth ferrite BiFeO
            3
            (BFO)–based FTJs integrated with various semiconductors. Notably, the BF",Science Advances,11,15,
10.1038/s41467-025-58042-8,A multi-scale microstructure to address the strength-ductility trade off in high strength steel for fusion reactors,Peng Gong; T.W.J. Kwok; W. Mark Rainforth,2025-03-20,https://www.nature.com/articles/s41467-025-58042-8,,Yes,"Reduced-activation ferritic-martensitic (RAFM) steels are promising fusion reactor materials having high radiation tolerance and low post-use radioactivity, but achieving high strength, ductility and toughness is difficult. The authors demonstrate a modified thermomechanical process to produce RAFM steel with a multiscale microstructure which endows both high strength and high ductility.",Nature Communications,,,
10.1126/sciadv.adt8262,Stretchable [2]rotaxane-bridged MXene films applicable for electroluminescent devices,Chunyu Wang; Boyue Gao; Kai Xue; Wenbin Wang; Jun Zhao; Ruixue Bai; Tinghao Yun; Zhiwei Fan (+4 more),2025-03-07,https://doi.org/10.1126/sciadv.adt8262,journal-article,,"
            Titanium carbide (Ti
            3
            C
            2
            T
            
              X
            
            ) MXene has prominent mechanical properties and electrical conductivity. However, fabricating high-performance macroscopic films is challenging, as weak interlayer interactions limit their mechanical performance. Here, we introduce [2]rotaxane, a mechanically interlocked molecule, to enhance MXene films. Compared to pure MXene (fracture strain: 4.6%, toughness: 0.6 MJ/m
            3
            ), [2]rotaxane-bridged MXene (RBM) films achieve record-h",Science Advances,11,10,
10.1038/s41467-025-56267-1,Active learning framework to optimize process parameters for additive-manufactured Ti-6Al-4V with high strength and ductility,Jeong Ah Lee; Jaejung Park; Hyoung Seop Kim,2025-01-22,https://www.nature.com/articles/s41467-025-56267-1,,Yes,"Process and heat treatment parameters are critical in laser powder bed fusion but difficult to optimize. Here, the authors achieve high tensile strengths and elongation in Ti-6Al-4V alloys using Pareto active learning with few experimental trials.",Nature Communications,,,
10.1126/sciadv.ads0071,Theory of giant magnetoelastic effect in soft systems,Yihao Zhou; Guorui Chen; Xun Zhao; Trinny Tat; Zhaoqi Duan; Jun Chen,2025-01-03,https://doi.org/10.1126/sciadv.ads0071,journal-article,,"Having been predominantly observed in rigid metal and metal alloys since 1865, the magnetoelastic effect was recently experimentally discovered in a soft matter system and used as a new working mechanism for energy and health care applications. Here, a theoretical framework is presented and proven to be universally accurate and robust in interpreting the giant magnetoelastic effect across soft systems subjected to various deformation modes, micromagnet concentrations, magnetization profiles, and geometric structures. The theory uncovers substantial, unique magnetoelastic phenomena in soft syst",Science Advances,11,1,
10.1126/sciadv.adr4697,Determinants of vacancy formation and migration in high-entropy alloys,Zhiling Luo; Wang Gao; Qing Jiang,2025-01-03,https://doi.org/10.1126/sciadv.adr4697,journal-article,,"
            Vacancies are crucial for the radiation resistance, strength, and ductility of high-entropy alloys (HEAs). However, complex electronic interactions resulting from chemical disorder prohibit the quantification of vacancy formation energy (
            E
            f
            ) and migration barriers (
            E
            b
            ). Herein, we propose an electronic descriptor χ
            S
            v
            (electronegativity χ and valence-electron number
            S
            v
            ) to quantify the bonding strength of constituents on the basis",Science Advances,11,1,
10.1126/sciadv.adr4292,Enhancing cathode composites with conductive alignment synergy for solid-state batteries,Zhang Cao; Xinxin Yao; Soyeon Park; Kaiyue Deng; Chunyan Zhang; Lei Chen; Kelvin Fu,2025-01-03,https://doi.org/10.1126/sciadv.adr4292,journal-article,,"Enhancing transport and chemomechanical properties in cathode composites is crucial for the performance of solid-state batteries. Our study introduces the filler-aligned structured thick (FAST) electrode, which notably improves mechanical strength and ionic/electronic conductivity in solid composite cathodes. The FAST electrode incorporates vertically aligned nanoconducting carbon nanotubes within an ion-conducting polymer electrolyte, creating a low-tortuosity electron/ion transport path while strengthening the electrode’s structure. This design not only mitigates recrystallization of the pol",Science Advances,11,1,
10.1126/sciadv.adx8192,"Tailored sliding ferroelectricity for ultrahigh fatigue resistance in stacked trilayer MoS
            2
            crystals",Aiqing Fan; Qing Zhang; Zihao Yang; Lin Li; Menghan Li; Keyu Zhang; Junfeng Gao; Fan Wu (+3 more),2025,https://doi.org/10.1126/sciadv.adx8192,journal-article,,"
            Fatigue-resistant ferroelectric materials in two-dimensional systems are crucial for next-generation electronic devices, but the relationship between stacking configurations and ferroelectric behavior remains underexplored. Here, we synthesize trilayer MoS
            2
            crystals with three noncentrosymmetric stacking configurations (AAA, AAB, and ABB) using a thermal gradient chemical vapor deposition strategy. Notable variations in room-temperature ferroelectricity are observed, with polarization strength following the order AAA &gt; AAB &gt; ABB, up to 0.110 microcou",Science Advances,11,31,
10.1126/sciadv.ads2140,Reactive vapor-phase dealloying-alloying turns oxides into sustainable bulk nano-structured porous alloys,Shaolou Wei; Yan Ma; Dierk Raabe,2024-12-20,https://doi.org/10.1126/sciadv.ads2140,journal-article,,"For millennia, alloying has been the greatest gift from metallurgy to humankind: a process of mixing elements, propelling our society from the Bronze Age to the Space Age. Dealloying, by contrast, acts like a penalty: a corrosive counteracting process of selectively removing elements from alloys or compounds, degrading their structural integrity over time. We show that when these two opposite metallurgical processes meet in a reactive vapor environment, profound sustainable alloy design opportunities become accessible, enabling bulk nanostructured porous alloys directly from oxides, with zero ",Science Advances,10,51,
10.1038/s41467-024-53062-2,Upcycled high-strength aluminum alloys from scrap through solid-phase alloying,Tianhao Wang; Xiao Li; Jorge F. dos Santos,2024-12-10,https://www.nature.com/articles/s41467-024-53062-2,,Yes,The authors propose a scalable solid phase process to upcycle aluminum scrap into a high-strength alloy with 200% strength improvement. The process reduces energy consumption and carbon emissions while making customizable materials from waste by tailoring the chemical composition.,Nature Communications,,,
10.1126/sciadv.adq0083,Integrated design of aluminum-enriched high-entropy refractory B2 alloys with synergy of high strength and ductility,Jie Qi; Xuesong Fan; Diego Ibarra Hoyos; Michael Widom; Peter K. Liaw; Joseph Poon,2024-12-06,https://doi.org/10.1126/sciadv.adq0083,journal-article,,"Refractory high-entropy alloys (RHEAs) are promising high-temperature structural materials. Their large compositional space poses great design challenges for phase control and high strength-ductility synergy. The present research pioneers using integrated high-throughput machine learning with Monte Carlo simulations supplemented by ab initio calculations to effectively navigate phase selection and mechanical property predictions, developing single-phase ordered B2 aluminum-enriched RHEAs (Al-RHEAs) demonstrating high strength and ductility. These Al-RHEAs achieve remarkable mechanical properti",Science Advances,10,49,
10.1126/sciadv.adq6398,Local chemical order enables an ultrastrong and ductile high-entropy alloy in a cryogenic environment,Lifang Sun; Zhufeng He; Nan Jia; Yanxin Guo; Shuang Jiang; Yuliang Yang; Yuxin Liu; Xianjun Guan (+3 more),2024-11-29,https://doi.org/10.1126/sciadv.adq6398,journal-article,,"Owing to superior strength-ductility combination and great potential for applications in extreme conditions, high-entropy alloys (HEAs) with the face-centered cubic (FCC) structure have drawn enormous attention. However, the FCC structure limits yield strength and makes the alloys unable to meet ever-increasing demands for exploring the universe. Here, we report a strategy to obtain FCC materials with outstanding mechanical properties in both ambient and cryogenic environments, via exploiting dynamic development of the interstitial-driven local chemical order (LCO). Dense laths composed of the",Science Advances,10,48,
10.1126/sciadv.adr2886,Flexible mechano-optical dual-responsive perovskite molecular ferroelectric composites for advanced anticounterfeiting and encryption,Shengshun Duan; Pinzhen Chen; Yu-an Xiong; Fangzhi Zhao; Zhengyin Jing; Guowei Du; Xiao Wei; Shengxin Xiang (+4 more),2024-11-29,https://doi.org/10.1126/sciadv.adr2886,journal-article,,"
            Hybrid organic-inorganic molecular ferroelectrics have emerged as promising materials for multifunctional piezoelectric devices. However, they present challenges in practical applications because of their inherent brittleness and poor ductility. Herein, we present a flexible mechano-optical dual-responsive molecular ferroelectric composite by incorporating trimethylchloromethyl ammonium (TMCM)–MnCl
            3
            into styrene ethylene butylene styrene (SEBS) matrix. The SEBS/TMCM-MnCl
            3
            exhibits excellent stretchable mechanical properties (tensil",Science Advances,10,48,
10.1038/s41467-024-54482-w,Spinel oxide enables high-temperature self-lubrication in superalloys,Zhengyu Zhang; Eitan Hershkovitz; Wenjun Cai,2024-11-20,https://www.nature.com/articles/s41467-024-54482-w,,Yes,"The authors develop an approach for enhancing the wear resistance and lubricity of metals at elevated temperatures of in oxidative environments, where traditional solid lubricants fail. By engineering surface oxidation in additively manufactured Inconel, they achieve low friction coefficients, between 0.10 and 0.32 at 600-900 °C, through the formation of a spinel-based oxide layer.",Nature Communications,,,
10.1126/sciadv.ado9697,Exceptional hardness in multiprincipal element alloys via hierarchical oxygen heterogeneities,David C. Beaudry; Michael J. Waters; Gianna M. Valentino; Daniel L. Foley; Elaf Anber; Yevgeny Rakita; Charlie J. Brandenburg; Jean-Philippe Couzinié (+9 more),2024-09-20,https://doi.org/10.1126/sciadv.ado9697,journal-article,,"Refractory multiprincipal element alloys (RMPEAs) are potential successors to incumbent high-temperature structural alloys, although efforts to improve oxidation resistance with large additions of passivating elements have led to embrittlement. RMPEAs containing group IV and V elements have a balance of properties including moderate ductility, low density, and the necessary formability. We find that oxidation of group IV-V RMPEAs induces hierarchical heterogeneities, ranging from nanoscale interstitial complexes to tertiary phases. This microstructural hierarchy considerably enhances hardness ",Science Advances,10,38,
10.1126/sciadv.adp7670,Electronic descriptors for dislocation deformation behavior and intrinsic ductility in bcc high-entropy alloys,Pedro P. P. O. Borges; Robert O. Ritchie; Mark Asta,2024-09-20,https://doi.org/10.1126/sciadv.adp7670,journal-article,,"Controlling the balance between strength and damage tolerance in high-entropy alloys (HEAs) is central to their application as structural materials. Materials discovery efforts for HEAs are therefore impeded by an incomplete understanding of the chemical factors governing this balance. Through first-principles calculations, this study explores factors governing intrinsic ductility of a crucial subset of HEAs—those with a body-centered cubic (bcc) crystal structure. Analyses of three sets of bcc HEAs comprising nine different compositions reveal that alloy chemistry profoundly influences screw ",Science Advances,10,38,
10.1038/s41467-024-51387-6,Lightweight single-phase Al-based complex concentrated alloy with high specific strength,Mingliang Han; Yuan Wu; Z. P. Lu,2024-08-18,https://www.nature.com/articles/s41467-024-51387-6,,Yes,"By overcoming the limited solubility of other lighter components in aluminum using high pressure and high temperature, a low-density, high specific strength, and single-phase aluminum-based complex concentrated alloy is developed.",Nature Communications,,,
10.1038/s41467-024-51423-5,Nacre-like surface nanolaminates enhance fatigue resistance of pure titanium,Yong Zhang; Chenyun He; Shan-Tung Tu,2024-08-12,https://www.nature.com/articles/s41467-024-51423-5,,Yes,"Most strategies to improve fatigue resistance address either crack initiation or growth. Here, the authors design a gradient-structured Ti with nacre-like surface nanolaminates that increase fatigue performance by suppressing both stages of cracking",Nature Communications,,,
10.1038/s41467-024-51204-0,Lattice distortion enabling enhanced strength and plasticity in high entropy intermetallic alloy,H. Wang; P. Y. Yang; Y. Yang,2024-08-08,https://www.nature.com/articles/s41467-024-51204-0,,Yes,"Intermetallics are traditionally characterised by their inherent brittleness due to a lack of sufficient slip systems and the absence of strain hardening. Here authors show that a single-phase distorted high entropy B2 intermetallic alloy displays notable strength and plasticity at room temperature, along with stable plastic flow at high homologous temperatures.",Nature Communications,,,
10.1126/sciadv.ado2118,Role of slip in hydrogen-assisted crack initiation in Ni-based alloy 725,Mengying Liu; Lai Jiang; Michael J. Demkowicz,2024-07-19,https://doi.org/10.1126/sciadv.ado2118,journal-article,,"We conduct in situ tensile straining experiments to investigate the role of hydrogen and slip in crack initiation in nickel-based alloy 725. Our experiments reveal no tendency for hydrogen to enhance localized slip and no necessity of slip for crack initiation. We use electrochemical charging to introduce hydrogen into samples, melt extraction to measure hydrogen content, and digital image correlation to analyze localized plastic strains during in situ tensile tests in a scanning electron microscope. Cracks initiate both in regions with and without nearby localized slip. Moreover, the fraction",Science Advances,10,29,
10.1126/sciadv.adp1439,Individual and collective manipulation of multifunctional bimodal droplets in three dimensions,Mengmeng Sun; Bonan Sun; Myungjin Park; Shihao Yang; Yingdan Wu; Mingchao Zhang; Wenbin Kang; Jungwon Yoon (+2 more),2024-07-19,https://doi.org/10.1126/sciadv.adp1439,journal-article,,"Spatiotemporally controllable droplet manipulation is vital across numerous applications, particularly in miniature droplet robots known for their exceptional deformability. Despite notable advancements, current droplet control methods are predominantly limited to two-dimensional (2D) deformation and motion of an individual droplet, with minimal exploration of 3D manipulation and collective droplet behaviors. Here, we introduce a bimodal actuation strategy, merging magnetic and optical fields, for remote and programmable 3D guidance of individual ferrofluidic droplets and droplet collectives. ",Science Advances,10,29,
10.1038/s41467-024-50078-6,Periodic spinodal decomposition in double–strengthened medium–entropy alloy,Hyojin Park; Farahnaz Haftlang; Hyoung Seop Kim,2024-07-09,https://www.nature.com/articles/s41467-024-50078-6,,Yes,"Overcoming the strength-ductility trade-off in metallic alloys is a longstanding challenge. Here, the authors design a ferrous medium-entropy alloy to induce nanoscale spinodal decomposition, resulting in doubled strength without significant ductility loss.",Nature Communications,,,
10.1038/s41467-024-49829-2,How to catch a shear band and explain plasticity of metallic glasses with continuum mechanics,Oleksandr Glushko; Reinhard Pippan; Jürgen Eckert,2024-07-03,https://www.nature.com/articles/s41467-024-49829-2,,Yes,"The mechanisms of shear band initiation and propagation in amorphous metallic alloys is an open question of materials science. Here, the authors measure local strains around propagating shear bands and propose a model describing the plasticity of metallic glasses at different length scales.",Nature Communications,,,
10.1038/s41467-024-48693-4,"Additive manufacturing of an ultrastrong, deformable Al alloy with nanoscale intermetallics",Anyu Shang; Benjamin Stegman; Xinghang Zhang,2024-06-15,https://www.nature.com/articles/s41467-024-48693-4,,Yes,"Commercial high-strength Al alloys often suffer from cracking during additive manufacturing. Here, the authors present an additively manufactured, a strong and plastically deformable Al alloy with heterogeneous nanoscale intermetallics.",Nature Communications,,,
10.1126/sciadv.adn7553,Ultrastrong and ductile medium-entropy alloys via hierarchical ordering,Lei Gu; Yonghao Zhao; Yong Li; Rui Hou; Fei Liang; Ruisheng Zhang; Yinxing Wu; Yong Fan (+7 more),2024-05-31,https://doi.org/10.1126/sciadv.adn7553,journal-article,,"
            Long-range ordered phases in most high-entropy and medium-entropy alloys (HEAs/MEAs) exhibit poor ductility, stemming from their brittle nature of complex crystal structure with specific bonding state. Here, we propose a design strategy to severalfold strengthen a single-phase face-centered cubic (fcc) Ni
            2
            CoFeV MEA by introducing trigonal κ and cubic L1
            2
            intermetallic phases via hierarchical ordering. The tri-phase MEA has an ultrahigh tensile strength exceeding 1.6 GPa and an outstanding ductility of 30% at room temperature, whic",Science Advances,10,22,
10.1126/sciadv.adn1095,Full-color fiber light-emitting diodes based on perovskite quantum wires,Beitao Ren; Daquan Zhang; Xiao Qiu; Yucheng Ding; Qianpeng Zhang; Yu Fu; Jin-Feng Liao; Swapnadeep Poddar (+7 more),2024-05-17,https://doi.org/10.1126/sciadv.adn1095,journal-article,,"Fiber light-emitting diodes (Fi-LEDs), which can be used for wearable lighting and display devices, are one of the key components for fiber/textile electronics. However, there exist a number of impediments to overcome on device fabrication with fiber-like substrates, as well as on device encapsulations. Here, we uniformly grew all-inorganic perovskite quantum wire arrays by filling high-density alumina nanopores on the surface of Al fibers with a dip-coating process. With a two-step evaporation method to coat a surrounding transporting layer and semitransparent electrode, we successfully fabri",Science Advances,10,20,
10.1038/s41467-024-48439-2,The origin of exceptionally large ductility in molybdenum alloys dispersed with irregular-shaped La2O3 nano-particles,Yujie Chen; Yan Fang; Qian Yu,2024-05-15,https://www.nature.com/articles/s41467-024-48439-2,,Yes,"Application of Molybdenum alloys is hindered by reduced ductility at lower temperatures. Here, the author shows improved ductility in a Mo alloy with irregular-shaped rare-earth La2O3 nanoparticles achieved via rotary-swaging, attributed to the amorphization of the oxide-matrix interface.",Nature Communications,,,
10.1038/s41467-024-48435-6,Overcoming strength-ductility tradeoff with high pressure thermal treatment,Yao Tang; Haikuo Wang; Haofei Zhou,2024-05-10,https://www.nature.com/articles/s41467-024-48435-6,,Yes,"Conventional material processing methods often suffer by strength-ductility trade-off. Here, the authors show high-pressure and high-temperature treatment can transform an eutectic high entropy alloy to having a hierarchical microstructure with simultaneous enhancements of strength and ductility.",Nature Communications,,,
10.1126/sciadv.adl4842,"An ultralight, pulverization-free integrated anode toward lithium-less lithium metal batteries",Chao-Hui Zhang; Yu-Jie Guo; Shuang-Jie Tan; Yu-Hao Wang; Jun-Chen Guo; Yi-Fan Tian; Xu-Sheng Zhang; Bo-Zheng Liu (+4 more),2024-03-29,https://doi.org/10.1126/sciadv.adl4842,journal-article,,"
            The high-capacity advantage of lithium metal anode was compromised by common use of copper as the collector. Furthermore, lithium pulverization associated with “dead” Li accumulation and electrode cracking deteriorates the long-term cyclability of lithium metal batteries, especially under realistic test conditions. Here, we report an ultralight, integrated anode of polyimide-Ag/Li with dual anti-pulverization functionality. The silver layer was initially chemically bonded to the polyimide surface and then spontaneously diffused in Li solid solution and self-evolved into a fully li",Science Advances,10,13,
10.1038/s41467-024-45639-8,Intrinsic factors responsible for brittle versus ductile nature of refractory high-entropy alloys,Tomohito Tsuru; Shu Han; Haruyuki Inui,2024-02-24,https://www.nature.com/articles/s41467-024-45639-8,,Yes,"Poor ductility is a major drawback of otherwise promising refractory high-entropy alloys (RHEAs) for ultrahigh temperature applications. Here, the authors show how ductility can be enhanced by adding HCP elements to BCC RHEAs, which is a relatively simple way to optimize mechanical properties.",Nature Communications,,,
10.1038/s41467-024-45732-y,Manufacturing of high strength and high conductivity copper with laser powder bed fusion,Yingang Liu; Jingqi Zhang; Ming-Xing Zhang,2024-02-12,https://www.nature.com/articles/s41467-024-45732-y,,Yes,"Copper produced by laser additive manufacturing often faces challenges with either low strength or low conductivity. Here, the authors present a design strategy to introduce uniformly dispersed nanoprecipitates during solidification, enhancing the strength while maintaining high conductivity.",Nature Communications,,,
10.1126/sciadv.adn1186,Body-temperature softening electronic ink for additive manufacturing of transformative bioelectronics via direct writing,Do A Kwon; Simok Lee; Choong Yeon Kim; Inho Kang; Steve Park; Jae-Woong Jeong,2024,https://doi.org/10.1126/sciadv.adn1186,journal-article,,"Mechanically transformative electronic systems (TESs) built using gallium have emerged as an innovative class of electronics due to their ability to switch between rigid and flexible states, thus expanding the versatility of electronics. However, the challenges posed by gallium’s high surface tension and low viscosity have substantially hindered manufacturability, limiting high-resolution patterning of TESs. To address this challenge, we introduce a stiffness-tunable gallium-copper composite ink capable of direct ink write printing of intricate TES circuits, offering high-resolution (~50 micro",Science Advances,10,9,
10.1038/s41467-023-44056-7,Revealing the room temperature superplasticity in bulk recrystallized molybdenum,Wenshuai Chen; Xiyao Li; Zenglin Zhou,2023-12-14,https://www.nature.com/articles/s41467-023-44056-7,,Yes,"Body-centered cubic refractory metals are known to exhibit excellent high-temperature strength, but often suffer from brittle fracture. Here, the authors produce a bulk pure Mo with stable fine-grain structure after powder metallurgy, Y-type hot rolling and&#xa0;ultra-high temperature annealing (1000~1700 °C)&#xa0;that exhibits room temperature superplasticity.",Nature Communications,,,
10.1126/sciadv.adj1511,Origin of age softening in the refractory high-entropy alloys,Junliang Liu; Bo-Shiuan Li; Hazel Gardner; Yilun Gong; Fengxian Liu; Guanze He; Michael Moorehead; Calvin Parkin (+3 more),2023-12-08,https://doi.org/10.1126/sciadv.adj1511,journal-article,,"Refractory high-entropy alloys (RHEAs) are emerging materials with potential for use under extreme conditions. As a newly developed material system, a comprehensive understanding of their long-term stability under potential service temperatures remains to be established. This study examined a titanium-vanadium-niobium-tantalum alloy, a promising RHEA known for its superior high-temperature strength and room-temperature ductility. Using a combination of advanced analytical microscopies, Calculation of Phase Diagrams (CALPHAD) software, and nanoindentation, we investigated the evolution of its m",Science Advances,9,49,
10.1126/sciadv.adi5817,Ideal plasticity and shape memory of nanolamellar high-entropy alloys,Shuai Chen; Ping Liu; Qingxiang Pei; Zhi Gen Yu; Zachary H. Aitken; Wanghui Li; Zhaoxuan Wu; Rajarshi Banerjee (+3 more),2023-10-13,https://doi.org/10.1126/sciadv.adi5817,journal-article,,"
            Understanding the relationship among elemental compositions, nanolamellar microstructures, and mechanical properties enables the rational design of high-entropy alloys (HEAs). Here, we construct nanolamellar Al
            
              x
            
            CoCuFeNi HEAs with alternating high– and low–Al concentration layers and explore their mechanical properties using a combination of molecular dynamic simulation and density functional theory calculation. Our results show that the HEAs with nanolamellar structures exhibit ideal plastic behavior during uniaxial tensile loa",Science Advances,9,41,
10.1126/sciadv.adh9889,"An artificial neuromuscular junction for enhanced reflexes and oculomotor dynamics based on a ferroelectric CuInP
            2
            S
            6
            /GaN HEMT",Minseong Park; Jeong Yong Yang; Min Jae Yeom; Byungjoon Bae; Yongmin Baek; Geonwook Yoo; Kyusang Lee,2023-09-22,https://doi.org/10.1126/sciadv.adh9889,journal-article,,"
            A neuromuscular junction (NMJ) is a particularized synapse that activates muscle fibers for macro-motions, requiring more energy than computation. Emulating the NMJ is thus challenging owing to the need for both synaptic plasticity and high driving power to trigger motions. Here, we present an artificial NMJ using CuInP
            2
            S
            6
            (CIPS) as a gate dielectric integrated with an AlGaN/GaN-based high-electron mobility transistor (HEMT). The ferroelectricity of the CIPS is coupled with the two-dimensional electron gas channel in the HEMT, pro",Science Advances,9,38,
10.1038/s41467-023-41090-3,Nanoscale ductile fracture and associated atomistic mechanisms in a body-centered cubic refractory metal,Yan Lu; Yongchao Chen; Xiaodong Han,2023-09-08,https://www.nature.com/articles/s41467-023-41090-3,,Yes,"Understanding the competing modes of brittle versus ductile fracture is critical for preventing material failure. Here, the authors reveal the atomic-scale processes of crack growth in Mo crystals, providing mechanistic insights into the ductile to brittle transition in BCC refractory metals.",Nature Communications,,,
10.1038/s41467-023-40580-8,Bamboo-like dual-phase nanostructured copper composite strengthened by amorphous boron framework,Hang Lv; Xinxin Gao; Weitao Zheng,2023-08-10,https://www.nature.com/articles/s41467-023-40580-8,,Yes,"Achieving strength and toughness synergy via microstructure design is challenging in materials science. Here, the authors construct a bamboo-like dual-phase copper-boron structure that has unique mechanical response resulting in simultaneous increase in hardness, strength, and ductility.",Nature Communications,,,
10.1038/s41467-023-38885-9,Underlying factors determining grain morphologies in high-strength titanium alloys processed by additive manufacturing,Mohan S. K. K. Y. Nartu; Brian A. Welk; Hamish L. Fraser,2023-06-06,https://www.nature.com/articles/s41467-023-38885-9,,Yes,"Predictive scheme for Ti alloys with equiaxed microstructures is often limited by the methods based on growth restriction factors, Q. Here, the authors present a predictive solution based on the freezing range of alloys for columnar to equiaxed transition during fusion-based additive manufacturing.",Nature Communications,,,
10.1126/sciadv.add9780,Gradient nanostructured steel with superior tensile plasticity,Zhongxia Shang; Tianyi Sun; Jie Ding; Nicholas A. Richter; Nathan M. Heckman; Benjamin C. White; Brad L. Boyce; Khalid Hattar (+2 more),2023-06-02,https://doi.org/10.1126/sciadv.add9780,journal-article,,"Nanostructured metallic materials with abundant high-angle grain boundaries exhibit high strength and good radiation resistance. While the nanoscale grains induce high strength, they also degrade tensile ductility. We show that a gradient nanostructured ferritic steel exhibits simultaneous improvement in yield strength by 36% and uniform elongation by 50% compared to the homogenously structured counterpart. In situ tension studies coupled with electron backscattered diffraction analyses reveal intricate coordinated deformation mechanisms in the gradient structures. The outermost nanolaminate g",Science Advances,9,22,
10.1038/s41467-023-38531-4,Ultra-strong tungsten refractory high-entropy alloy via stepwise controllable coherent nanoprecipitations,Tong Li; Tianwei Liu; Lanhong Dai,2023-05-25,https://www.nature.com/articles/s41467-023-38531-4,,Yes,"Tungsten-based alloys with ultrahigh strength and ductility are in high demand for a wide range of applications, potentially for fusion reactors. Here the authors develop a tungsten refractory high-entropy alloy with high strength (~2.15 GPa) and sufficient ductility (~15%).",Nature Communications,,,
10.1126/sciadv.adf8602,Deformation and failure of the CrCoNi medium-entropy alloy subjected to extreme shock loading,Shiteng Zhao; Sheng Yin; Xiao Liang; Fuhua Cao; Qin Yu; Ruopeng Zhang; Lanhong Dai; Carlos J. Ruestes (+2 more),2023-05-05,https://doi.org/10.1126/sciadv.adf8602,journal-article,,"The extraordinary work hardening ability and fracture toughness of the face-centered cubic (fcc) high-entropy alloys render them ideal candidates for many structural applications. Here, the deformation and failure mechanisms of an equiatomic CrCoNi medium-entropyalloy (MEA) were investigated by powerful laser-driven shock experiments. Multiscale characterization demonstrates that profuse planar defects including stacking faults, nanotwins, and hexagonal nanolamella were generated during shock compression, forming a three-dimensional network. During shock release, the MEA fractured by strong te",Science Advances,9,18,
10.1038/s41467-023-38111-6,Theory-guided design of high-entropy alloys with enhanced strength-ductility synergy,Zongrui Pei; Shiteng Zhao; Michael C. Gao,2023-05-02,https://www.nature.com/articles/s41467-023-38111-6,,Yes,"There is a lack of guiding parameters to design metallic materials such as high-entropy alloys with strength-ductility synergy. Here, the authors propose such an effective parameter κ, the ratio of short-ranged interactions between closed-pack planes, experimentally validated by six alloys.",Nature Communications,,,
10.1038/s41467-023-37155-y,Trifunctional nanoprecipitates ductilize and toughen a strong laminated metastable titanium alloy,Chongle Zhang; Shuaiyang Liu; Jun Sun,2023-03-13,https://www.nature.com/articles/s41467-023-37155-y,,Yes,"Engineering metastability can enhance the ductility of alloys, but it often comes at an expense of relatively low yield strength. Here, the authors fabricate a Ti-based alloy with heterogeneous laminated structures and α-nanoprecipitates that enhance yield strength without sacrificing ductility.",Nature Communications,,,
10.1038/s41467-023-36030-0,Grain refinement in titanium prevents low temperature oxygen embrittlement,Yan Chong; Reza Gholizadeh; Nobuhiro Tsuji,2023-02-01,https://www.nature.com/articles/s41467-023-36030-0,,Yes,"Oxygen has long been considered as a detrimental impurity in pure titanium since it can severely deteriorate the ductility. Here, the authors propose a simple, yet effective strategy via grain refinement to solve this long-standing issue, while preserving its potential hardening effect.",Nature Communications,,,
10.1126/sciadv.add4644,Limpet teeth microstructure unites auxeticity with extreme strength and high stiffness,Sang Ho Oh; Jin-Kyung Kim; Yue Liu; Michael Wurmshuber; Xiang-Long Peng; Jinsol Seo; Jiwon Jeong; Zhen Wang (+10 more),2022-12-02,https://doi.org/10.1126/sciadv.add4644,journal-article,,"Materials displaying negative Poisson’s ratio, referred to as auxeticity, have been found in nature and created in engineering through various structural mechanisms. However, uniting auxeticity with high strength and high stiffness has been challenging. Here, combining in situ nanomechanical testing with microstructure-based modeling, we show that the leading part of limpet teeth successfully achieves this combination of properties through a unique microstructure consisting of an amorphous hydrated silica matrix embedded with bundles of single-crystal iron oxide hydroxide nanorods arranged in ",Science Advances,8,48,
10.1038/s41467-022-34628-4,Switching nanoprecipitates to resist hydrogen embrittlement in high-strength aluminum alloys,Yafei Wang; Bhupendra Sharma; Hiroyuki Toda,2022-11-18,https://www.nature.com/articles/s41467-022-34628-4,,Yes,"Hydrogen embrittlement limits the strengthening of aluminum alloys. Here, the authors propose the precipitate switching strategy to effectively control hydrogen embrittlement of high-strength aluminum alloys by utilizing the hydrogen trapping effect at T phase.",Nature Communications,,,
10.1126/sciadv.adc9394,Magnetic field–driven particle assembly and jamming for bistable memory and response plasticity,Xianhu Liu; Hongwei Tan; Carlo Rigoni; Teemu Hartikainen; Nazish Asghar; Sebastiaan van Dijken; Jaakko V. I. Timonen; Bo Peng (+1 more),2022-11-11,https://doi.org/10.1126/sciadv.adc9394,journal-article,,"
            Unlike classic synthetic stimulus-responsive and shape-memory materials, which remain limited to fixed responses, the responses of living systems dynamically adapt based on the repetition, intensity, and history of stimuli. Such plasticity is ubiquitous in biology, which is profoundly linked to memory and learning. Concepts thereof are searched for rudimentary forms of “intelligent materials.” Here, we show plasticity of electroconductivity in soft ferromagnetic nickel colloidal supraparticles with spiny surfaces, assembling/disassembling to granular conducting micropillars betwee",Science Advances,8,45,
10.1126/sciadv.abq7433,Maximum strength and dislocation patterning in multi–principal element alloys,Penghui Cao,2022-11-11,https://doi.org/10.1126/sciadv.abq7433,journal-article,,"Multi–principal element alloys (MPEAs) containing three or more components in high concentrations render a tunable chemical short-range order (SRO). Leveraging large-scale atomistic simulations, we probe the limit of Hall-Petch strengthening and deformation mechanisms in a model CrCoNi alloy and unravel chemical ordering effects. The presence of SRO appreciably increases the maximum strength and lowers the propensity for faulting and structure transformation, accompanied by intensification of planar slip and strain localization. Deformation grains exhibit notably different microstructures and ",Science Advances,8,45,
10.1038/s41467-022-33710-1,Hierarchical nano-martensite-engineered a low-cost ultra-strong and ductile titanium alloy,Chongle Zhang; Xiangyun Bao; Jun Sun,2022-10-10,https://www.nature.com/articles/s41467-022-33710-1,,Yes,It is challenging to obtain Ti alloys with ultrafine microstructure owing to the low thermal stability of crystallographic boundaries. Here the authors demonstrate a chemical boundary-based strategy to produce a hierarchical Ti alloy with nano-martensites that has excellent strength and ductility.,Nature Communications,,,
10.1038/s41467-022-33437-z,The influence of alloying on slip intermittency and the implications for dwell fatigue in titanium,Felicity F. Worsnop; Rachel E. Lim; David Dye,2022-10-10,https://www.nature.com/articles/s41467-022-33437-z,,Yes,It is important to understand dwell fatigue that has been implicated in several uncontained jet engine failures. Here the authors observe stress bursts due to slip intermittency in a Ti alloy using synchrotron x-ray diffraction microscopy to understand the roles of precipitates and trace oxygen.,Nature Communications,,,
10.1038/s41467-022-33188-x,Inhibiting weld cracking in high-strength aluminium alloys,Yanan Hu; Shengchuan Wu; Philip J. Withers,2022-10-03,https://www.nature.com/articles/s41467-022-33188-x,,Yes,"Fusion welding of 7000 series aluminum alloy is plagued by cracking from a fine equiaxed zone (FQZ). Here, the authors quantify key softening mechanisms, show the damage accumulation sequence, and propose a hybrid laser/arc welding strategy to mitigate the FQZ and increase weld strength&#xa0;and toughness.",Nature Communications,,,
10.1126/sciadv.abq1677,Scale-reconfigurable miniature ferrofluidic robots for negotiating sharply variable spaces,Xinjian Fan; Yihui Jiang; Mingtong Li; Yunfei Zhang; Chenyao Tian; Liyang Mao; Hui Xie; Lining Sun (+2 more),2022-09-16,https://doi.org/10.1126/sciadv.abq1677,journal-article,,"
            Magnetic miniature soft robots have shown great potential for facilitating biomedical applications by minimizing invasiveness and possible physical damage. However, researchers have mainly focused on fixed-size robots, with their active locomotion accessible only when the cross-sectional dimension of these confined spaces is comparable to that of the robot. Here, we realize the scale-reconfigurable miniature ferrofluidic robots (SMFRs) based on ferrofluid droplets and propose a series of control strategies for reconfiguring SMFR’s scale and deformation to achieve trans-scale motio",Science Advances,8,37,
10.1126/sciadv.abo7333,Design metastability in high-entropy alloys by tailoring unstable fault energies,Xin Wang; Rafael Rodriguez De Vecchis; Chenyang Li; Hanlei Zhang; Xiaobing Hu; Soumya Sridar; Yuankang Wang; Wei Chen (+1 more),2022-09-09,https://doi.org/10.1126/sciadv.abo7333,journal-article,,"Metastable alloys with transformation-/twinning-induced plasticity (TRIP/TWIP) can overcome the strength-ductility trade-off in structural materials. Originated from the development of traditional alloys, the intrinsic stacking fault energy (ISFE) has been applied to tailor TRIP/TWIP in high-entropy alloys (HEAs) but with limited quantitative success. Here, we demonstrate a strategy for designing metastable HEAs and validate its effectiveness by discovering seven alloys with experimentally observed metastability for TRIP/TWIP. We propose unstable fault energies as the more effective design met",Science Advances,8,36,
10.1126/sciadv.abp9096,Dynamic response of high-entropy alloys to ballistic impact,Yunqing Tang; D. Y. Li,2022-08-12,https://doi.org/10.1126/sciadv.abp9096,journal-article,,"High-entropy alloys (HEAs) are promising to provide effective antiballistic capability because of their superior mechanical properties. However, the twinning-active Cantor alloy is found less ballistic resistant, compared with its Mn-free companion. It is unclear how the HEAs resist ballistic impact and why Mn does not benefit the ballistic resistance. Here, we used molecular dynamics simulations to investigate the ballistic resistances of CrMnFeCoNi and CrFeCoNi and elucidate underlying mechanisms. It is shown that the alloys’ ballistic resistances dominantly benefit from active dislocations ",Science Advances,8,32,
10.1038/s41467-022-32444-4,Phase-selective recrystallization makes eutectic high-entropy alloys ultra-ductile,Qingfeng Wu; Feng He; Jincheng Wang,2022-08-10,https://www.nature.com/articles/s41467-022-32444-4,,Yes,The ever most widely used eutectic alloys often suffer from limited ductility. Here the authors propose a distinctive concept of phase-selective recrystallization to significantly improve their ductility and strength and pave the way for new applications of the widespread eutectic alloys.,Nature Communications,,,
10.1126/sciadv.abn4880,Ferroelectric/paraelectric superlattices for energy storage,Hugo Aramberri; Natalya S. Fedorova; Jorge Íñiguez,2022-08-05,https://doi.org/10.1126/sciadv.abn4880,journal-article,,"
            The polarization response of antiferroelectrics to electric fields is such that the materials can store large energy densities, which makes them promising candidates for energy storage applications in pulsed-power technologies. However, relatively few materials of this kind are known. Here, we consider ferroelectric/paraelectric superlattices as artificial electrostatically engineered antiferroelectrics. Specifically, using high-throughput second-principles calculations, we engineer PbTiO
            3
            /SrTiO
            3
            superlattices to optimize their en",Science Advances,8,31,
10.1126/sciadv.abm2249,Trace metal stoichiometry of dissolved organic matter in the Amazon plume,Martha Gledhill; Adrienne Hollister; Michael Seidel; Kechen Zhu; Eric P. Achterberg; Thorsten Dittmar; Andrea Koschinsky,2022-08-05,https://doi.org/10.1126/sciadv.abm2249,journal-article,,"
            Dissolved organic matter (DOM) is a distinct component of Earth’s hydrosphere and provides a link between the biogeochemical cycles of carbon, nutrients, and trace metals (TMs). Binding of TMs to DOM is thought to result in a TM pool with DOM-like biogeochemistry. Here, we determined elemental stoichiometries of aluminum, iron, copper, nickel, zinc, cobalt, and manganese associated with a fraction of the DOM pool isolated by solid-phase extraction at ambient pH (DOM
            SPE-amb
            ) from the Amazon plume. We found that the rank order of TM stoichiometry within the",Science Advances,8,31,
10.1126/sciadv.abo2068,Metal-carbide eutectics with multiprincipal elements make superrefractory alloys,Qinqin Wei; Xiandong Xu; Qiang Shen; Guoqiang Luo; Jian Zhang; Jia Li; Qihong Fang; Chain-Tsuan Liu (+3 more),2022-07-08,https://doi.org/10.1126/sciadv.abo2068,journal-article,,"Materials with excellent high-temperature strength are now sought for applications in hypersonics, fusion reactors, and aerospace technologies. Conventional alloys and eutectic multiprincipal-element alloys (MPEAs) exhibit insufficient strengths at high temperatures due to low melting points and microstructural instabilities. Here, we report a strategy to achieve exceptional high-temperature microstructural stability and strength by introducing eutectic carbide in a refractory MPEA. The synergistic strengthening effects from the multiprincipal-element mixing and strong dislocation blocking at ",Science Advances,8,27,
10.1038/s41467-022-31315-2,High stress twinning in a compositionally complex steel of very high stacking fault energy,Zhangwei Wang; Wenjun Lu; Zhiming Li,2022-06-23,https://www.nature.com/articles/s41467-022-31315-2,,Yes,"Mechanical twinning is difficult to trigger in face centered cubic alloys with high stacking fault energies (SFEs) under standard tensile loading. Here, the authors report high stress twinning in a bulk compositionally complex steel of very high SFE, enhancing the material’s mechanical performance.",Nature Communications,,,
10.1126/sciadv.abn3863,Geometrically engineered rigid island array for stretchable electronics capable of withstanding various deformation modes,Jun Chang Yang; Seungkyu Lee; Boo Soo Ma; Junmo Kim; Myoung Song; Su Yeong Kim; Da Won Kim; Taek-Soo Kim (+1 more),2022-06-03,https://doi.org/10.1126/sciadv.abn3863,journal-article,,"Integration of rigid components in soft polymer matrix is considered as the most feasible architecture to enable stretchable electronics. However, a method of suppressing cracks at the interface between soft and rigid materials due to excessive and repetitive deformations of various types remains a formidable challenge. Here, we geometrically engineered Ferris wheel–shaped islands (FWIs) capable of effectively suppressing crack propagation at the interface under various deformation modes (stretching, twisting, poking, and crumpling). The optimized FWIs have notable increased strain at failure ",Science Advances,8,22,
10.1038/s41467-022-30524-z,Anomalous size effect on yield strength enabled by compositional heterogeneity in high-entropy alloy nanoparticles,Jingyuan Yan; Sheng Yin; Qian Yu,2022-05-19,https://www.nature.com/articles/s41467-022-30524-z,,Yes,"Compositional heterogeneity in high-entropy alloys (HEAs) has gained lots of attention, but its relation with the properties remains vague. Here the authors report an anomalous size effect on strength by the compositional heterogeneity, which provides new insights in its connection to properties.",Nature Communications,,,
10.1126/sciadv.abj6738,Damage evolution during fracture by correlative microscopy with hyperspectral electron microscopy and laboratory-based microtomography,Peter M. Sarosi; Jevan Furmanski; William C. Reese; Donald L. Carpenter; Mikel A. Nittoli; Michael G. Myers; Nicole M. Callen; Thirumalai Neeraj,2022-04-08,https://doi.org/10.1126/sciadv.abj6738,journal-article,,"Damage evolution during fracture of metals is a critical factor in determining the reliability and integrity of the infrastructure that the society relies upon. However, experimental techniques for directly observing these phenomena have remained challenged. We have addressed this gap by developing a correlative microscopy framework combining high-resolution hyperspectral electron microscopy with laboratory x-ray microtomography (XMT) and applied it to study fracture mechanisms in a steel inclusion system. We observed damage nucleation and growth to be inhomogeneous and anisotropic. Fracture r",Science Advances,8,14,
10.1126/sciadv.abl3888,Mechanically reinforced biotubes for arterial replacement and arteriovenous grafting inspired by architectural engineering,Dengke Zhi; Quhan Cheng; Adam C. Midgley; Qiuying Zhang; Tingting Wei; Yi Li; Ting Wang; Tengzhi Ma (+9 more),2022-03-18,https://doi.org/10.1126/sciadv.abl3888,journal-article,,"There is a lack in clinically-suitable vascular grafts. Biotubes, prepared using in vivo tissue engineering, show potential for vascular regeneration. However, their mechanical strength is typically poor. Inspired by architectural design of steel fiber reinforcement of concrete for tunnel construction, poly(ε-caprolactone) (PCL) fiber skeletons (PSs) were fabricated by melt-spinning and heat treatment. The PSs were subcutaneously embedded to induce the assembly of host cells and extracellular matrix to obtain PS-reinforced biotubes (PBs). Heat-treated medium-fiber-angle PB (hMPB) demonstrated ",Science Advances,8,11,
10.1038/s41467-022-28688-9,Rejuvenation of plasticity via deformation graining in magnesium,Bo-Yu Liu; Zhen Zhang; Zhi-Wei Shan,2022-02-25,https://www.nature.com/articles/s41467-022-28688-9,,Yes,"Understanding deformation of Mg along the c-axis is important for wrought processing of Mg. Here the authors report deformation graining in submicron single crystal Mg where the initial single crystal evolves into ultrafine grains that rejuvenates dislocation activities, enabling large plasticity.",Nature Communications,,,
10.1038/s41467-021-27591-z,Visualization and validation of twin nucleation and early-stage growth in magnesium,Lin Jiang; Mingyu Gong; Julie M. Schoenung,2022-01-10,https://www.nature.com/articles/s41467-021-27591-z,,Yes,"The origins of deformation twins in Mg have remained unclear in the past. Here the authors, by combining in situ experimental observations and atomistic simulations, capture the rapid twinning phenomena in Mg crystals and show that twinning occurs through pure atomic shuffle.",Nature Communications,,,
10.1126/sciadv.abh2716,Atomic-scale fatigue mechanism of ferroelectric tunnel junctions,Yihao Yang; Ming Wu; Xingwen Zheng; Chunyan Zheng; Jibo Xu; Zhiyu Xu; Xiaofei Li; Xiaojie Lou (+4 more),2021-11-26,https://doi.org/10.1126/sciadv.abh2716,journal-article,,Role of charged defects in resistance fatigue of ferroelectric tunnel junctions has been revealed at atomic scale.,Science Advances,7,48,
10.1038/s41467-021-26374-w,Elimination of oxygen sensitivity in α-titanium by substitutional alloying with Al,Yan Chong; Ruopeng Zhang; Andrew M. Minor,2021-10-25,https://www.nature.com/articles/s41467-021-26374-w,,Yes,"Individual addition of O or Al is known to deteriorate ductility of Ti alloys, especially at cryogenic temperatures. Here the authors demonstrate a counter-intuitive effect where significant addition of both Al and O substantially improves both strength and ductility in a Ti-6Al-0.3 O ternary alloy.",Nature Communications,,,
10.1038/s41467-021-25264-5,Simultaneously enhancing the ultimate strength and ductility of high-entropy alloys via short-range ordering,Shuai Chen; Zachary H. Aitken; Yong-Wei Zhang,2021-08-16,https://www.nature.com/articles/s41467-021-25264-5,,Yes,"The strength-ductility trade-off has been a long-standing problem for alloy development. Here the authors present a route for designing high-entropy alloys to overcome this trade-off via short-range ordering shown by combined Monte Carlo, molecular dynamic, and density-functional theory simulations.",Nature Communications,,,
10.1126/sciadv.abc8288,High-strength nanocrystalline intermetallics with room temperature deformability enabled by nanometer thick grain boundaries,Ruizhe Su; Dajla Neffati; Jaehun Cho; Zhongxia Shang; Yifan Zhang; Jie Ding; Qiang Li; Sichuang Xue (+3 more),2021-07-02,https://doi.org/10.1126/sciadv.abc8288,journal-article,,Nanometer thick grain boundaries enable room temperature deformability in conventional brittle intermetallics.,Science Advances,7,27,
10.1038/s41467-021-23689-6,Enhancing fatigue life by ductile-transformable multicomponent B2 precipitates in a high-entropy alloy,Rui Feng; You Rao; Peter. K. Liaw,2021-06-11,https://www.nature.com/articles/s41467-021-23689-6,,Yes,"A fundamental understanding of fatigue-failure mechanisms is key to develop robust structural materials. Here the authors report a high entropy alloy with enhanced fatigue life by ductile transformable multicomponent B2 precipitates, as revealed by combined experimental and simulation methods.",Nature Communications,,,
10.1126/sciadv.abf3039,Ultrahigh specific strength in a magnesium alloy strengthened by spinodal decomposition,Tongzheng Xin; Yuhong Zhao; Reza Mahjoub; Jiaxi Jiang; Apurv Yadav; Keita Nomoto; Ranming Niu; Song Tang (+11 more),2021-06-04,https://doi.org/10.1126/sciadv.abf3039,journal-article,,Spinodal decomposition is discovered to be an effective way to strengthen magnesium alloy.,Science Advances,7,23,
10.1126/sciadv.abe3105,Deformation-induced crystalline-to-amorphous phase transformation in a CrMnFeCoNi high-entropy alloy,Hao Wang; Dengke Chen; Xianghai An; Yin Zhang; Shijie Sun; Yanzhong Tian; Zhefeng Zhang; Anguo Wang (+5 more),2021-04-02,https://doi.org/10.1126/sciadv.abe3105,journal-article,,In situ TEM experiments reveal the crystalline-to-amorphous phase transformation in an ultrafine-grained Cantor alloy.,Science Advances,7,14,
10.1126/sciadv.abb3108,Amorphization in extreme deformation of the CrMnFeCoNi high-entropy alloy,Shiteng Zhao; Zezhou Li; Chaoyi Zhu; Wen Yang; Zhouran Zhang; David E. J. Armstrong; Patrick S. Grant; Robert O. Ritchie (+1 more),2021-01-29,https://doi.org/10.1126/sciadv.abb3108,journal-article,,Extreme deformation of high-entropy alloys increases toughness by converting crystalline structures to amorphous zones.,Science Advances,7,5,
10.1038/s41467-020-20574-6,Mechanisms for &lt;100&gt; interstitial dislocation loops to diffuse in BCC iron,N. Gao; Z. W. Yao; F. Gao,2021-01-11,https://www.nature.com/articles/s41467-020-20574-6,,Yes,The mobility of dislocation loops in materials is of key importance to understanding their deformation behavior. Here the authors using self-adaptive accelerated molecular dynamics show self-diffusion of &lt;100&gt; interstitial loops in body-centered cubic (BCC) iron by changing its habit plane as also confirmed by transmission electron microscopy (TEM) measurements.,Nature Communications,,,
10.1038/s41467-020-19071-7,Training high-strength aluminum alloys to withstand fatigue,Qi Zhang; Yuman Zhu; Christopher Hutchinson,2020-10-15,https://www.nature.com/articles/s41467-020-19071-7,,Yes,"The fatigue performance of high strength aluminum alloys is notoriously poor, leading to design limitations for transportation structures. Here the authors design microstructures to exploit the mechanical energy of fatigue to dynamically heal the microstructural weak points and improve the high cycle fatigue life.",Nature Communications,,,
10.1038/s41467-020-18774-1,Repulsion leads to coupled dislocation motion and extended work hardening in bcc metals,K. Srivastava; D. Weygand; P. Gumbsch,2020-10-09,https://www.nature.com/articles/s41467-020-18774-1,,Yes,"Work hardening of tungsten in the thermally activated regime is highly orientation dependent. Here, we show that kink-pair nucleation controlled coupled motion of repulsively oriented screw dislocation pairs occurs and leads to an orientation dependent additional plastic slip on unexpected slip systems.",Nature Communications,,,
10.1126/sciadv.abc7350,Propagating bands of plastic deformation in a metal alloy as critical avalanches,Tero Mäkinen; Pasi Karppinen; Markus Ovaska; Lasse Laurson; Mikko J. Alava,2020-10-09,https://doi.org/10.1126/sciadv.abc7350,journal-article,,Portevin–Le Chatelier deformation bands obey predictions of a simple mean-field model of critical avalanche dynamics.,Science Advances,6,41,
10.1038/s41467-020-18775-0,A defect-resistant Co–Ni superalloy for 3D printing,Sean P. Murray; Kira M. Pusch; Tresa M. Pollock,2020-10-02,https://www.nature.com/articles/s41467-020-18775-0,,Yes,"Additive manufacturing promises a major transformation of the production of high economic value metallic materials. Here, the authors describe a new class of 3D printable superalloys that are amenable to crack-free 3D printing via electron beam melting as well as selective laser melting.",Nature Communications,,,
10.1126/sciadv.aba8169,Ultrastrong low-carbon nanosteel produced by heterostructure and interstitial mediated warm rolling,Bo Gao; Qingquan Lai; Yang Cao; Rong Hu; Lirong Xiao; Zhiyi Pan; Ningning Liang; Yusheng Li (+5 more),2020-09-25,https://doi.org/10.1126/sciadv.aba8169,journal-article,,We break the limit of grain refinement and strength of low-carbon steel by tuning deformation compatibility of heterostructure.,Science Advances,6,39,
10.1126/sciadv.aaz4748,Temperature dependence of elastic and plastic deformation behavior of a refractory high-entropy alloy,Chanho Lee; George Kim; Yi Chou; Brianna L. Musicó; Michael C. Gao; Ke An; Gian Song; Yi-Chia Chou (+3 more),2020-09-11,https://doi.org/10.1126/sciadv.aaz4748,journal-article,,The present work discovers the unique deformation behavior of a refractory high-entropy alloy at elevated temperatures.,Science Advances,6,37,
10.1038/s41467-020-16601-1,Ultrahigh high-strain-rate superplasticity in a nanostructured high-entropy alloy,Nhung Thi-Cam Nguyen; Peyman Asghari-Rad; Hyoung Seop Kim,2020-06-01,https://www.nature.com/articles/s41467-020-16601-1,,Yes,"Superplasticity at high strain rates is challenging to achieve in high strength materials. Here, the authors show superplastic elongation in excess of 2000% in a high entropy alloy nanostructured by high-pressure torsion.",Nature Communications,,,
10.1038/s41467-020-16349-8,Unstable twin in body-centered cubic tungsten nanocrystals,Xiang Wang; Jiangwei Wang; Scott X. Mao,2020-05-19,https://www.nature.com/articles/s41467-020-16349-8,,Yes,"Body-centred cubic metals rarely show twinning during deformation. Here, the authors use high resolution transmission electron microscopy to show tungsten, a body-centred cubic metal, spontaneously undergoes detwinning when unloaded.",Nature Communications,,,
10.1126/sciadv.aba5581,"3D printed Mg-NiTi interpenetrating-phase composites with high strength, damping capacity, and energy absorption efficiency",Mingyang Zhang; Qin Yu; Zengqian Liu; Jian Zhang; Guoqi Tan; Da Jiao; Wenjun Zhu; Shujun Li (+3 more),2020-05-08,https://doi.org/10.1126/sciadv.aba5581,journal-article,,"A 3D printed magnesium alloy with an interpenetrating NiTi phase shows remarkable strength, damping, and self-healing properties.",Science Advances,6,19,
10.1038/s41467-020-15772-1,High temperature rise dominated cracking mechanisms in ultra-ductile and tough titanium alloy,L. Choisez; L. Ding; P. J. Jacques,2020-04-30,https://www.nature.com/articles/s41467-020-15772-1,,Yes,"Specific titanium alloys combine transformation-induced plasticity and twinning-induced plasticity for improved work hardening. Here, the authors show that these alloys also have an ultra-large fracture resistance and an unexpected fracture mechanism via dynamic recrystallization and local melting in a deformation band.",Nature Communications,,,
10.1126/sciadv.aax4002,Cooperative deformation in high-entropy alloys at ultralow temperatures,Muhammad Naeem; Haiyan He; Fan Zhang; Hailong Huang; Stefanus Harjo; Takuro Kawasaki; Bing Wang; Si Lan (+7 more),2020-03-27,https://doi.org/10.1126/sciadv.aax4002,journal-article,,In situ neutron diffraction revealed a unique deformation pathway in high-entropy alloys with unusually large ductility at 15 K.,Science Advances,6,13,
10.1038/s41467-020-15085-3,Simulating the mechanisms of serrated flow in interstitial alloys with atomic resolution over diffusive timescales,Yue Zhao; Lucile Dezerald; Jaime Marian,2020-03-06,https://www.nature.com/articles/s41467-020-15085-3,,Yes,Understanding the plastic deformation mechanism within specific ranges of temperature and strain in metal alloys is of great technological importance. Here the authors report on&#xa0;dynamic simulations of dislocation–solute coevolution in tungsten crystals containing a few atomic parts per million of interstitial oxygen&#xa0;and their relation to unstable plastic flow.,Nature Communications,,,
10.1038/s41467-020-14641-1,Real-time observations of TRIP-induced ultrahigh strain hardening in a dual-phase CrMnFeCoNi high-entropy alloy,Sijing Chen; Hyun Seok Oh; Qian Yu,2020-02-11,https://www.nature.com/articles/s41467-020-14641-1,,Yes,"In dual-phase Cantor-like high entropy alloys, how local chemistry affects enhanced deformation mechanisms remains unclear. Here, the authors image 3D stacking fault networks formation and show they both impede dislocations and facilitate phase transformations via local chemical composition variations.",Nature Communications,,,
10.1038/s41467-019-14062-9,Unveiling the Re effect in Ni-based single crystal superalloys,Xiaoxiang Wu; Surendra Kumar Makineni; Baptiste Gault,2020-01-20,https://www.nature.com/articles/s41467-019-14062-9,,Yes,"Adding minute amounts of rhenium to Ni-based single crystal superalloys extends their high temperature performance in engines, but the reasons behind that are still unclear. Here, the authors combine high resolution imaging and modelling to show that rhenium enriches and slows down partial dislocations to improve creep performance.",Nature Communications,,,
10.1038/s41467-019-13311-1,Tailoring heterogeneities in high-entropy alloys to promote strength–ductility synergy,Evan Ma; Xiaolei Wu,2019-12-09,https://www.nature.com/articles/s41467-019-13311-1,,Yes,"High entropy alloys are a departure from conventional alloy design. In this review, the authors examine how combinations of hetererogeneities specific to high entropy alloys can overcome the strength–ductility trade-off inherent to traditional alloys.",Nature Communications,,,
10.1126/sciadv.aax2799,Direct imaging of short-range order and its impact on deformation in Ti-6Al,Ruopeng Zhang; Shiteng Zhao; Colin Ophus; Yu Deng; Shraddha J. Vachhani; Burak Ozdol; Rachel Traylor; Karen C. Bustillo (+4 more),2019-12-06,https://doi.org/10.1126/sciadv.aax2799,journal-article,,The domain structure of short-range order is directly observed in an aged Ti-6Al alloy.,Science Advances,5,12,
10.1038/s41467-019-13087-4,Hierarchical nanostructured aluminum alloy with ultrahigh strength and large plasticity,Ge Wu; Chang Liu; Jian Lu,2019-11-08,https://www.nature.com/articles/s41467-019-13087-4,,Yes,"Strengthening a metallic alloy without sacrificing ductility remains challenging. Here, the authors develop a hierarchical nanostructured aluminium alloy composed of nanograins surrounding by metallic glass shells that has both ultrahigh strength and good ductility.",Nature Communications,,,
10.1038/s41467-019-12047-2,Aluminum with dispersed nanoparticles by laser additive manufacturing,Ting-Chiang Lin; Chezheng Cao; Xiaochun Li,2019-09-11,https://www.nature.com/articles/s41467-019-12047-2,,Yes,"Incorporating and dispersing dense nanoparticles into metals remains a challenge. Here, the authors use nanocomposite powders containing very dense nanoparticles to print an aluminium nanocomposite with one of&#xa0;the highest specific modulus and yield strength among all structural materials.",Nature Communications,,,
10.1038/s41467-019-11505-1,Plasticity without dislocations in a polycrystalline intermetallic,Hubin Luo; Hongwei Sheng; Izabela Szlufarska,2019-08-09,https://www.nature.com/articles/s41467-019-11505-1,,Yes,"The deformation of materials depends on dislocation activity, and suppressing dislocations should lead to brittleness. Here, the authors combine simulations and experiments to show a samarium-cobalt intermetallic can exhibit plasticity without dislocations.",Nature Communications,,,
10.1038/s41467-019-10573-7,Three-dimensional character of the deformation twin in magnesium,Y. Liu; P. Z. Tang; C. N. Tomé,2019-07-25,https://www.nature.com/articles/s41467-019-10573-7,,Yes,"Imaging deformation twins in three dimensions is difficult and they are usually viewed as two-dimensional ellipsoids. Here, the authors statistically analyze more than two hundred deformation twins in magnesium observed in three different views and show lateral twin expansion is faster than forward propagation.",Nature Communications,,,
10.1038/s41467-019-10533-1,Materials informatics for the screening of multi-principal elements and high-entropy alloys,J. M. Rickman; H. M. Chan; G. Balasubramanian,2019-06-13,https://www.nature.com/articles/s41467-019-10533-1,,Yes,"The identification of high entropy alloys is challenging given the vastness of the compositional space associated with these systems. Here the authors propose a supervised learning strategy for the efficient screening of high entropy alloys, whose hardness predictions are validated by experiments.",Nature Communications,,,
10.1038/s41467-019-10308-8,Promoting abnormal grain growth in Fe-based shape memory alloys through compositional adjustments,M. Vollmer; T. Arold; T. Niendorf,2019-05-28,https://www.nature.com/articles/s41467-019-10308-8,,Yes,"Novel iron-based shape memory alloys could be candidates for large-scale structural applications if their grains grew large and long enough. Here, the authors add titanium to an Fe–Mn–Al–Ni shape-memory alloy to promote large grains via compositional tuning of abnormal grain growth.",Nature Communications,,,
10.1038/s41467-019-09360-1,Scale law of complex deformation transitions of nanotwins in stainless steel,A. Y. Chen; L. L. Zhu; J. Lu,2019-03-29,https://www.nature.com/articles/s41467-019-09360-1,,Yes,The deformation mechanisms of twin boundaries in nanotwinned metallic materials are still unclear. Here the authors combine in situ transmission electron microscopy tensile tests and molecular dynamics&#xa0;simulations with a dislocation-based theoretical model to reveal the deformation mechanism of nanotwins.,Nature Communications,,,
10.1038/s41467-019-08460-2,Enhanced strength–ductility synergy in ultrafine-grained eutectic high-entropy alloys by inheriting microstructural lamellae,Peijian Shi; Weili Ren; Peter K. Liaw,2019-01-30,https://www.nature.com/articles/s41467-019-08460-2,,Yes,"Producing in situ composite materials with superior strength and ductility has long been a challenge. Here, the authors use lamellar microstructure inherited from casting, rolling, and annealing to produce an ultrafine duplex eutectic high entropy alloy with outstanding properties.",Nature Communications,,,
10.1038/s41467-018-07989-y,Nanoparticle-enabled phase control for arc welding of unweldable aluminum alloy 7075,Maximilian Sokoluk; Chezheng Cao; Xiaochun Li,2019-01-09,https://www.nature.com/articles/s41467-018-07989-y,,Yes,"In contrast to steels, fusion welding high strength aluminum alloys such as AA7075 is notoriously difficult. Here, the authors add nanoparticles to a weld filler&#xa0;rod to successfully weld AA7075 without hot cracks or loss of strength at the weld.",Nature Communications,,,
10.1038/s41467-018-07160-7,High-entropy high-hardness metal carbides discovered by entropy descriptors,Pranab Sarker; Tyler Harrington; Stefano Curtarolo,2018-11-26,https://www.nature.com/articles/s41467-018-07160-7,,Yes,"The overwhelming number of possible high-entropy materials represents a big challenge for predicting their existence. Here, the authors introduce an entropy-forming-ability descriptor capturing the synthesizability of these systems, and apply the model to the discovery of new refractory metal carbides.",Nature Communications,,,
10.1038/s41467-018-07028-w,Deformation twinning and grain partitioning in a hexagonal close-packed magnesium alloy,M. Arul Kumar; B. Clausen; C. N. Tomé,2018-11-12,https://www.nature.com/articles/s41467-018-07028-w,,Yes,"Magnesium deforms via twins that form in a grain then expand both forward and laterally, causing local stresses that have yet to be measured. Here, the authors measure the full strain and stress tensors around a twin in a bulk polycrystal and show that the twinning grain deforms heterogeneously.",Nature Communications,,,
10.1038/s41467-018-06600-8,High-content ductile coherent nanoprecipitates achieve ultrastrong high-entropy alloys,Yao-Jian Liang; Linjing Wang; Hongnian Cai,2018-10-03,https://www.nature.com/articles/s41467-018-06600-8,,Yes,"High entropy alloys usually emphasize equiatomic compositions, which restrict the compositions available to induce strengthening via precipitation. Here the authors use spinodal decomposition in a five-element alloy to obtain high content nanophases and the highest tensile strength reported to date.",Nature Communications,,,
10.1038/s41467-018-06166-5,Three-dimensional X-ray diffraction imaging of dislocations in polycrystalline metals under tensile loading,Mathew J. Cherukara; Reeju Pokharel; Richard L. Sandberg,2018-09-17,https://www.nature.com/articles/s41467-018-06166-5,,Yes,"Identifying atomic defects during deformation is crucial to understand material response but remains challenging in three dimensions. Here, the authors couple X-ray Bragg coherent diffraction imaging and atomistic simulations to correlate a strain field to a screw dislocation in a single copper grain.",Nature Communications,,,
10.1038/s41467-018-05549-y,Crystallographic character of grain boundaries resistant to hydrogen-assisted fracture in Ni-base alloy 725,John P. Hanson; Akbar Bagri; Michael J. Demkowicz,2018-08-23,https://www.nature.com/articles/s41467-018-05549-y,,Yes,"Exactly how hydrogen renders metals brittle is still unclear, and it remains a challenge to predict component failure due to hydrogen embrittlement. Here, the authors identify a class of grain boundaries in a nickel superalloy that deflects propagating cracks and improves alloy resistance to hydrogen.",Nature Communications,,,
10.1038/s41467-018-04981-4,Designing a magnesium alloy with high strength and high formability,T. T. T. Trang; J. H. Zhang; N. J. Kim,2018-06-28,https://www.nature.com/articles/s41467-018-04981-4,,Yes,"Despite being the lightest structural alloys, obtaining magnesium alloys with both high strength and high formability remains a challenge. Here, the authors use precipitation and elemental segregation to design a magnesium alloy with high strength and high formability.",Nature Communications,,,
10.1038/s41467-018-04780-x,Twinning in metastable high-entropy alloys,Shuo Huang; He Huang; Levente Vitos,2018-06-18,https://www.nature.com/articles/s41467-018-04780-x,,Yes,"Twinning has been experimentally seen in high-entropy alloys, but understanding how it operates remains a challenge. Here, the authors show that twinning can be a primary deformation mechanism in three well-known medium- and high-entropy alloys that have unstable face-centered cubic lattices.",Nature Communications,,,
10.1038/s41467-018-04473-5,Absence of dynamic strain aging in an additively manufactured nickel-base superalloy,Allison M. Beese; Zhuqing Wang; Dong Ma,2018-05-25,https://www.nature.com/articles/s41467-018-04473-5,,Yes,"Detrimental serrated plastic flow via dynamic strain aging (DSA) in conventionally processed nickel superalloys usually occurs during high temperature deformation. Here, the authors suppress DSA via a unique microstructure obtained using additive manufacturing and propose a new dislocation-arrest model in nickel superalloys.",Nature Communications,,,
10.1038/s41467-018-03875-9,A high-strength silicide&#xa0;phase in a stainless steel alloy designed for wear-resistant applications,D. Bowden; Y. Krysiak; M. Preuss,2018-04-10,https://www.nature.com/articles/s41467-018-03875-9,,Yes,"Wear- and corrosion-resistant hardfacing steels rely on carbon for strengthening. Here, the authors report an ultra-high strength silicide phase that could lead to a new class of silicide-strengthened stainless steels and alternative coatings for nuclear applications.",Nature Communications,,,
10.1038/s41467-018-02943-4,Extreme rejuvenation and softening in a bulk metallic glass,J. Pan; Y. X. Wang; Y.  Li,2018-02-08,https://www.nature.com/articles/s41467-018-02943-4,,Yes,"Deforming metallic glasses can rejuvenate them to higher energy states, but only in the shear bands where deformation is usually concentrated. Here, the authors use a notched setup to suppress shear banding and promote significant bulk softening of a zirconium-based metallic glass.",Nature Communications,,,
10.1038/s41467-017-02112-z,Exceptional increase in the creep life of magnesium rare-earth alloys due to localized bond stiffening,Deep Choudhuri; Srivilliputhur G. Srinivasan; Rajarshi Banerjee,2017-12-08,https://www.nature.com/articles/s41467-017-02112-z,,Yes,"Adding very small amounts of zinc to magnesium alloys containing rare earth elements dramatically improves their creep life. Here, the authors use first principles calculations and atomic-scale characterization to show that this is due to stiff covalent bonding of zinc and rare earth elements such as neodymium.",Nature Communications,,,
10.1038/s41467-017-01729-4,High-velocity projectile impact induced 9R phase in ultrafine-grained aluminium,Sichuang Xue; Zhe Fan; Xinghang Zhang,2017-11-21,https://www.nature.com/articles/s41467-017-01729-4,,Yes,"Deformation-induced defects with high formation energy are difficult to nucleate in aluminium. Here, the authors use a miniaturized projectile impact to nucleate the high stacking fault energy 9R phase in a thin film of ultrafine-grained aluminium, and show sessile Frank loops stabilize it.",Nature Communications,,,
10.1038/s41467-017-01578-1,Giant thermal expansion and α-precipitation pathways in Ti-alloys,Matthias Bönisch; Ajit Panigrahi; Jürgen Eckert,2017-11-10,https://www.nature.com/articles/s41467-017-01578-1,,Yes,"Complex phase transformations in β-stabilised titanium alloys can dramatically change their α and β microstructures, providing tailorability for aerospace or biomaterial applications. Here the authors show that Ti-Nb alloys exhibit giant thermal expansions and identify two new pathways that lead to α phase formation.",Nature Communications,,,
10.1038/s41467-017-01330-9,Super-formable pure magnesium at room temperature,Zhuoran Zeng; Jian-Feng Nie; Nick Birbilis,2017-10-17,https://www.nature.com/articles/s41467-017-01330-9,,Yes,"Replacing steel or aluminium vehicle parts with magnesium would result in reduced emissions, but shaping magnesium without cracking remains challenging. Here, the authors successfully extrude and roll textured magnesium into ductile foil at low temperatures by activating intra-granular mechanisms.",Nature Communications,,,
10.1038/ncomms15719,Cryogenic strength improvement by utilizing room-temperature deformation twinning in a partially recrystallized VCrMnFeCoNi high-entropy alloy,Y. H. Jo; S. Jung; S. Lee,2017-06-12,https://www.nature.com/articles/ncomms15719,,Yes,"CrMnFeCoNi high entropy alloys have high fracture toughness at cryogenic temperatures due to deformation twinning but twinning is not active in this alloy at room temperature. Here authors optimize composition and thermomechanical treatments to introduce non-recrystallized grains, producing high yield strength while maintaining good ductility.",Nature Communications,,,
10.1038/ncomms14210,Complexion-mediated martensitic phase transformation in Titanium,J. Zhang; C. C. Tasan; D. Raabe,2017-02-01,https://www.nature.com/articles/ncomms14210,,Yes,"One way of tuning mechanical properties of alloys lies in utilizing athermal phase transitions. Here authors report a complexion-mediated martensitic transformation in Ti alloys yielding a nanolaminate structure of martensite bounded by planar complexions, promising new strategies for the design of high strength Ti alloys.",Nature Communications,,,
10.1038/ncomms13434,Phase transformation strengthening of high-temperature superalloys,T. M. Smith; B. D. Esser; M. J. Mills,2016-11-22,https://www.nature.com/articles/ncomms13434,,Yes,"Nanoscale processes may directly impact macroscopic mechanical behaviour. Here authors describe a ‘phase-transformation strengthening’ mechanism in nickel-based high temperature alloys, allowing suppression of deleterious deformation processes at elevated temperatures by specific alloying elements.",Nature Communications,,,
10.1038/ncomms11068,Strength and ductility with {10͞11} — {10͞12} double twinning in a magnesium alloy,M. Lentz; M. Risse; I. J. Beyerlein,2016-04-04,https://www.nature.com/articles/ncomms11068,,Yes,"Double twins are thought to lead to premature failure of magnesium alloys. Here, the authors show that a magnesium-lithium alloy achieves the same compression failure strains with double twins as without, potentially generating strengthening through intra-granular networks of double twins.",Nature Communications,,,
10.1038/ncomms11176,A low-cost hierarchical nanostructured beta-titanium alloy with high strength,Arun Devaraj; Vineet V. Joshi; Curt Lavender,2016-04-01,https://www.nature.com/articles/ncomms11176,,Yes,"Lightweight materials with high strength are desirable for applications where they could reduce energy consumption. Here, the authors develop a low cost beta-titanium alloy that uses a hierarchical nanostructure of precipitates with different sizes to achieve high strength.",Nature Communications,,,
10.1038/ncomms10802,Manipulating the interfacial structure of nanomaterials to achieve a unique combination of strength and ductility,Amirhossein Khalajhedayati; Zhiliang Pan; Timothy J. Rupert,2016-02-18,https://www.nature.com/articles/ncomms10802,,Yes,"Nanocrystalline metals often exhibit high strength yet suffer from poor ductility. Here, the authors employ grain boundary engineering to overcome this problem by introducing amorphous intergranular films, which enables superior mechanical properties in copper-zirconium alloys.",Nature Communications,,,
10.1038/ncomms10602,Exceptional damage-tolerance of a medium-entropy alloy CrCoNi at cryogenic temperatures,Bernd Gludovatz; Anton Hohenwarter; Robert O. Ritchie,2016-02-02,https://www.nature.com/articles/ncomms10602,,Yes,"High-entropy alloys derive their properties from being multi-element systems that can crystallize as a single phase. Here, the authors examine a medium-entropy alloy, CrCoNi, which displays strength-toughness properties exceeding those of high-entropy alloys and resulting from steady strain hardening.",Nature Communications,,,
10.1126/sciadv.1600319,"High hardness in the biocompatible intermetallic compound β-Ti
            3
            Au",Eteri Svanidze; Tiglet Besara; M. Fevsi Ozaydin; Chandra Sekhar Tiwary; Jiakui K. Wang; Sruthi Radhakrishnan; Sendurai Mani; Yan Xin (+5 more),2016,https://doi.org/10.1126/sciadv.1600319,journal-article,,"A remarkable fourfold increase in hardness of titanium is achieved by the addition of gold, yielding a novel biocompatible material.",Science Advances,2,7,
10.1038/ncomms10143,Nanoscale origins of the damage tolerance of the high-entropy alloy CrMnFeCoNi,ZiJiao Zhang; M. M. Mao; Robert O. Ritchie,2015-12-09,https://www.nature.com/articles/ncomms10143,,Yes,"Single-phase high-entropy alloys, such as CrMnFeCoNi, display excellent ductility and fracture toughness. Here, the authors use in situ mechanical loading in an aberration-corrected transmission electron microscope to probe the atomistic to micro-scale mechanisms underlying these properties.",Nature Communications,,,
10.1038/ncomms8748,Ultrastrong ductile and stable high-entropy alloys at small scales,Yu Zou; Huan Ma; Ralph Spolenak,2015-07-10,https://www.nature.com/articles/ncomms8748,,Yes,"Refractory high-entropy alloys show promising mechanical properties at elevated temperatures, but are generally brittle at room temperature. Here, the authors observe an improved ductility and yield strength in high-entropy alloy micropillars consisting of nanometre-sized grains that also exhibit excellent thermal stability.",Nature Communications,,,
10.1038/ncomms7164,The dual role of coherent twin boundaries in hydrogen embrittlement,Matteo Seita; John P. Hanson; Michael J. Demkowicz,2015-02-05,https://www.nature.com/articles/ncomms7164,,No,"When exposed to hydrogen, alloys may lose their ductility and fracture unexpectedly, a phenomenon known as hydrogen embrittlement. Here, the authors investigate hydrogen embrittlement in a Ni-based superalloy and find that coherent twin boundaries are susceptible to crack initiation.",Nature Communications,,,
10.1038/ncomms6178,Temperature-dependent elastic anisotropy and mesoscale deformation in a nanostructured ferritic alloy,G.M. Stoica; A.D. Stoica; D. Ma,2014-10-10,https://www.nature.com/articles/ncomms6178,,No,"Nanostructured ferritic alloys offer many attractive properties that make them suitable for use in extreme environments. Here, the authors use neutron diffraction to determine single-crystal elastic constants of nanoscale ferrite grains, observing a large temperature-induced elastic anisotropy.",Nature Communications,,,
10.1038/ncomms5864,In situ nanoindentation study on plasticity and work hardening in aluminium with incoherent twin boundaries,D. Bufford; Y. Liu; X. Zhang,2014-09-10,https://www.nature.com/articles/ncomms5864,,No,"Nanotwinned metals containing a high density of coherent twin boundaries have the potential to exhibit high strength and ductility. Here, the authors study the effect that incoherent twin boundaries have on mechanical properties of nanotwinned aluminium with high stacking-fault energy, observing substantial work hardening and plasticity.",Nature Communications,,,
10.1038/ncomms5604,Quantum-to-continuum prediction of ductility loss in aluminium–magnesium alloys due to dynamic strain aging,S. M. Keralavarma; A. F. Bower; W. A. Curtin,2014-08-04,https://www.nature.com/articles/ncomms5604,,No,"Aluminum-Magnesium alloys exhibit negative strain-rate sensitivity due to dynamic strain aging, causing reduced ductility at room temperature. Here, the authors develop an atomistically informed multiscale model that can predict the rate sensitivity and ductility as a function of the alloy chemistry.",Nature Communications,,,
10.1038/ncomms4433,Deformation-induced structural transition in body-centred cubic molybdenum,S. J. Wang; H. Wang; S. X. Mao,2014-03-07,https://www.nature.com/articles/ncomms4433,,Yes,"Structural phase transitions are known to accommodate plastic deformation in some metals and ceramics. Here, the authors observe the in situtransformation of body-centred cubic molybdenum to face-centred cubic, and finally to body-centred cubic, allowing for 15.4% tensile strain accommodation.",Nature Communications,,,
10.1038/ncomms1062,Nanostructural hierarchy increases the strength of aluminium alloys,Peter V. Liddicoat; Xiao-Zhou Liao; Simon P. Ringer,2010-09-07,https://www.nature.com/articles/ncomms1062,,No,"Improving the properties of metallic alloys is important to develop new lightweight materials. In this paper, we show that an aluminium (Al) alloy containing a hierarchy of nanostructures in a solid solution with a high density of dislocations is capable of beating strength records for Al alloys while maintaining good ductility.",Nature Communications,,,
